"CustomerID","Recency","Frequency","Monetary","AvgTransactionValue","TotalQuantity","PurchaseFrequency"
"12346",325.117372685185,1,202.5,202.5,74215,1
"12347",1.87362268518519,7,4262.9,608.985714285714,2458,0.0191236873808327
"12348",74.9840393518518,4,1759.74,439.935,2341,0.014096778298793
"12349",18.1243171296296,1,1660.05,1660.05,631,1
"12350",309.867372685185,1,334.4,334.4,197,1
"12352",35.9257060185185,8,2254.49,281.81125,536,0.0306412316072815
"12353",203.793761574074,1,89,89,20,1
"12354",231.985428240741,1,1079.4,1079.4,530,1
"12355",213.959039351852,1,459.4,459.4,240,1
"12356",22.1736226851852,3,2689.93,896.643333333333,1591,0.00986999931458338
"12357",32.8632060185185,1,6172.57,6172.57,2708,1
"12358",1.10001157407407,2,1168.06,584.03,248,0.0133319754469452
"12359",57.0020949074074,4,6197.58,1549.395,1622,0.0145453076231553
"12360",51.8944560185185,3,2662.06,887.353333333333,1165,0.0201024667401896
"12361",286.957650462963,1,189.9,189.9,91,1
"12362",2.88195601851852,10,5226.23,522.623,2229,0.03410463491462
"12363",109.10556712963,2,552,276,408,0.0149401615404967
"12364",7.10278935185185,4,1313.1,328.275,1506,0.0378106578791897
"12365",290.948622685185,2,523.19,261.595,174,1.98210598761184
"12367",3.8347337962963,1,168.9,168.9,173,1
"12370",50.9159837962963,4,3545.69,886.4225,2353,0.0128999603594968
"12371",44.1069560185185,2,1730.46,865.23,591,0.125146656237779
"12372",71.026400462963,3,1298.04,432.68,794,0.0132757232503396
"12373",310.986122685185,1,364.6,364.6,197,1
"12374",24.8840393518519,1,742.93,742.93,342,1
"12375",10.0930671296296,2,457.5,228.75,178,0.0225117835116819
"12377",314.878483796296,2,1628.12,814.06,944,0.0496825834943417
"12378",129.094456018519,1,4008.62,4008.62,2529,1
"12379",81.1118171296296,2,852.24,426.12,407,0.0222880890285334
"12380",21.057650462963,4,2724.81,681.2025,1127,0.0242324293851862
"12381",4.00417824074074,5,1807.81,361.562,808,0.043060398189071
"12383",184.200011574074,5,1850.56,370.112,1532,0.0296328002173072
"12384",28.1743171296296,2,585.27,292.635,126,0.0213024053966094
"12386",337.009039351852,2,401.9,200.95,354,0.0664145374042985
"12388",15.013900462963,6,2780.66,463.443333333333,1462,0.0192274311350861
"12390",79.1368171296296,1,549.84,549.84,353,1
"12391",21.0298726851852,1,460.89,460.89,300,1
"12393",71.8812615740741,4,1582.6,395.65,816,0.0153112489832374
"12394",63.1958449074074,2,1208.74,604.37,819,0.0129236651155277
"12395",18.895150462963,12,3018.63,251.5525,2118,0.0339992838113827
"12397",35.1236226851852,2,2409.9,1204.95,1263,0.0198386730132051
"12398",45.0993171296296,1,1635.66,1635.66,1394,1
"12399",118.982650462963,4,1108.65,277.1625,1178,0.0279431240994892
"12401",302.958344907407,1,84.3,84.3,11,1
"12402",322.959039351852,1,225.6,225.6,94,1
"12403",49.082650462963,1,427.7,427.7,96,1
"12405",148.165289351852,1,1592.89,1592.89,857,1
"12406",21.7277893518519,2,3415.3,1707.65,1818,0.012317219729791
"12407",49.1104282407407,5,1708.12,341.624,1416,0.0231622969277787
"12408",32.0159837962963,5,2888.55,577.71,1409,0.0218432684810737
"12409",78.0916782407407,3,10701.77,3567.25666666667,5551,0.0285905267407461
"12410",308.090983796296,2,693.33,346.665,211,1.99861207494795
"12412",74.1069560185185,3,1226.88,408.96,829,0.0312986777757653
"12413",66.1597337962963,3,758.1,252.7,286,0.0110415899889584
"12414",216.915983796296,3,562.41,187.47,300,0.0319148936170213
"12415",23.9361226851852,21,88643.59,4221.12333333333,77374,0.066850889797723
"12417",2.91528935185185,9,3649.1,405.455555555556,1552,0.0253431394596201
"12418",112.070844907407,1,668.58,668.58,407,1
"12420",63.1632060185185,1,600.39,600.39,345,1
"12421",15.1548726851852,4,807.04,201.76,484,0.0131255725347395
"12422",95.126400462963,3,803.56,267.853333333333,370,0.0130421000196235
"12423",0.111122685185185,8,1859.31,232.41375,1339,0.0226008208492572
"12424",162.03056712963,2,1657.46,828.73,740,2
"12425",77.8048726851852,1,777.2,777.2,496,1
"12426",194.016678240741,1,582.73,582.73,258,1
"12427",21.1625115740741,3,825.8,275.266666666667,533,0.00854883522120111
"12428",25.1861226851852,9,7410.26,823.362222222222,3536,0.0347556511455152
"12429",8.81112268518519,4,3750.4,937.6,1557,0.0111975769687615
"12430",42.9034837962963,1,256.4,256.4,117,1
"12431",35.0382060185185,15,5867.11,391.140666666667,2906,0.044237638037815
"12432",42.0465393518519,5,4491.62,898.324,1801,0.038188993083549
"12433",0.116678240740741,7,13373.83,1910.54714285714,11071,0.018723600280854
"12434",84.0083449074074,2,806.14,403.07,394,0.0113006321291097
"12435",79.1555671296296,2,5671.84,2835.92,2055,0.0105786678224841
"12436",99.0284837962963,1,509.01,509.01,211,1
"12437",1.05209490740741,18,4951.41,275.078333333333,2922,0.0543986971176246
"12438",13.9736226851852,2,2789.35,1394.675,1180,0.0157481176078172
"12441",366.08681712963,1,173.55,173.55,121,1
"12442",2.93612268518519,1,172.06,172.06,182,1
"12444",20.9770949074074,5,4772.96,954.592,1153,0.0331182182398587
"12445",21.7548726851852,1,133.4,133.4,62,1
"12446",57.0000115740741,1,1002.31,1002.31,351,1
"12447",242.975706018519,1,476.49,476.49,190,1
"12448",43.9611226851852,1,449.45,449.45,243,1
"12449",21.9611226851852,4,4067.29,1016.8225,1553,0.0241075800760895
"12450",155.922928240741,2,197.88,98.94,128,0.111089681774349
"12451",10.1736226851852,5,8993.22,1798.644,6575,0.0158738907567657
"12452",16.0986226851852,2,430.57,215.285,185,1.81933038534428
"12453",133.945844907407,1,707.09,707.09,473,1
"12454",55.8173726851852,1,2629,2629,1006,1
"12455",72.8882060185185,6,2466.86,411.143333333333,2089,0.0267579244026696
"12456",43.9229282407407,3,3103.54,1034.51333333333,1633,0.0142026307743393
"12457",65.9840393518518,7,2363.23,337.604285714286,843,0.0402851935927359
"12458",70.8923726851852,2,947.4,473.7,506,0.0093376130726583
"12461",93.8284837962963,2,826.88,413.44,287,0.0326404787270213
"12462",18.1520949074074,2,1189.59,594.795,536,0.00699866587931676
"12463",52.9625115740741,4,1344.78,336.195,776,0.0211595895921269
"12464",9.97015046296296,8,1212.05,151.50625,112,0.0266664814827675
"12465",16.8444560185185,2,742.19,371.095,479,0.0130614021959482
"12468",187.051400462963,2,729.54,364.77,366,0.0153939076472443
"12471",1.87987268518519,30,16952.95,565.098333333333,8212,0.0825864864038173
"12472",31.9507060185185,7,6572.11,938.872857142857,4148,0.0207108251044787
"12473",28.9611226851852,5,3370.15,674.03,2439,0.0306472964402314
"12474",16.9243171296296,18,7375.79,409.766111111111,4847,0.0574731758586053
"12475",53.1111226851852,1,723.38,723.38,535,1
"12476",15.0069560185185,11,6816.42,619.674545454545,2408,0.0317078394830661
"12477",22.1243171296296,6,12602.44,2100.40666666667,3653,0.0214378228699885
"12478",3.12084490740741,1,680.99,680.99,236,1
"12479",10.9750115740741,1,527.2,527.2,385,1
"12480",27.9152893518519,4,3167.33,791.8325,1707,0.0129460021351913
"12481",22.1812615740741,10,5596.32,559.632,3304,0.0290758718723246
"12483",16.8250115740741,8,2484.98,310.6225,1110,0.02475917830477
"12484",32.0507060185185,6,4541.72,756.953333333333,2191,0.0196787176035695
"12488",9.16667824074074,3,1298.66,432.886666666667,529,0.0448244376193243
"12489",335.984039351852,1,334.93,334.93,105,1
"12490",4.86320601851852,10,5417.93,541.793,3064,0.0307420358913269
"12491",38.0222337962963,1,460.4,460.4,260,1
"12492",62.8993171296296,2,263.21,131.605,192,0.0464936071290198
"12493",165.106261574074,2,433.74,216.87,207,0.0609601219202438
"12494",15.1361226851852,7,1246.1,178.014285714286,707,0.0199476374516893
"12497",81.0145949074074,1,1043.1,1043.1,1236,1
"12498",20.9979282407407,3,403.7,134.566666666667,159,0.0807733298431277
"12500",22.8541782407407,11,3733.54,339.412727272727,2678,0.0353388423851934
"12501",336.015289351852,1,2169.39,2169.39,1783,1
"12502",95.0402893518519,5,3723.87,744.774,820,0.0232504819631157
"12504",17.8666782407407,2,482.05,241.025,90,0.15330565314596
"12506",232.163900462963,1,73.5,73.5,23,1
"12507",133.820150462963,3,1298.51,432.836666666667,894,0.0181463045806817
"12508",25.8840393518519,2,398.27,199.135,272,0.504378283712785
"12509",283.920150462963,1,176.5,176.5,55,1
"12510",142.107650462963,2,982.57,491.285,353,0.010878967706842
"12512",65.9132060185185,2,138.03,69.015,99,1.99722607489598
"12513",112.082650462963,1,612.29,612.29,462,1
"12514",266.841678240741,1,1017.68,1017.68,440,1
"12515",352.879872685185,1,383.7,383.7,131,1
"12516",77.1507060185185,2,1312.06,656.03,875,0.0192492781520693
"12517",27.9486226851852,5,2502.84,500.568,1371,0.0306838666785993
"12518",0.109039351851852,5,2056.89,411.378,1318,0.0450972409257461
"12519",63.1416782407407,1,340.84,340.84,183,1
"12520",78.8937615740741,5,2634.26,526.852,1439,0.0256202228959392
"12521",142.082650462963,1,599.68,599.68,309,1
"12522",38.888900462963,2,192.72,96.36,194,0.153444509563642
"12523",18.9965393518519,11,1789.77,162.706363636364,865,0.0351288056206089
"12524",8.88820601851852,8,4485.72,560.715,3699,0.0245998257512343
"12526",0.0284837962962963,3,1316.66,438.886666666667,632,0.0316089851467037
"12527",81.0382060185185,3,348.71,116.236666666667,234,0.0122452450466283
"12528",8.92362268518518,6,1933.48,322.246666666667,756,0.0197217498487771
"12530",59.0111226851852,4,1662.28,415.57,913,0.0143830998576672
"12531",14.0680671296296,1,125.22,125.22,45,1
"12532",29.9604282407407,1,349.83,349.83,153,1
"12534",130.100011574074,1,1089.18,1089.18,651,1
"12535",91.1680671296296,2,716.35,358.175,219,0.0208694139897537
"12536",42.9375115740741,3,4684.71,1561.57,2803,0.176701570680628
"12538",28.8152893518519,1,363.95,363.95,191,1
"12539",21.9722337962963,4,5568.35,1392.0875,2067,0.012813126336091
"12540",19.0548726851852,17,13357.24,785.72,6685,0.0495514460601742
"12541",29.0902893518519,3,981.18,327.06,680,0.0119025314921146
"12544",35.857650462963,1,372.7,372.7,136,1
"12545",74.9659837962963,2,1000.39,500.195,523,0.0108069569785549
"12546",46.0284837962963,2,1161.5,580.75,633,0.0623039480800433
"12547",197.008344907407,2,207.8,103.9,134,0.0238110986176334
"12548",165.885428240741,1,95.2,95.2,49,1
"12550",78.9270949074074,1,964.83,964.83,569,1
"12551",357.060428240741,1,168,168,100,1
"12552",38.1166782407407,2,437.82,218.91,88,1.04689203925845
"12553",7.84167824074074,10,3692.28,369.228,1965,0.0310320750976217
"12556",49.988900462963,2,603.71,301.855,358,0.0196117152760281
"12557",15.8270949074074,5,4728.84,945.768,4384,0.0140373041357407
"12558",7.08959490740741,1,269.96,269.96,196,1
"12559",310.125706018519,2,561.71,280.855,283,0.200319955484454
"12560",4.95556712962963,3,2134.01,711.336666666667,1110,0.0215957888211799
"12561",302.04931712963,1,238.85,238.85,177,1
"12562",7.81251157407407,7,3781.74,540.248571428571,1779,0.0366124743930611
"12564",260.913206018519,1,456.9,456.9,133,1
"12565",288.094456018519,1,145.92,145.92,80,1
"12566",85.9305671296296,1,351.65,351.65,265,1
"12567",22.0750115740741,10,9401.28,940.128,4305,0.028738786385
"12569",1.85140046296296,32,4124.69,128.8965625,1801,0.127434685575378
"12571",39.1048726851852,2,519.61,259.805,523,0.0241238356898747
"12572",8.14584490740741,2,1020.42,510.21,452,0.0454115421002838
"12573",226.873622685185,1,160.54,160.54,84,1
"12574",315.145844907407,1,218.45,218.45,61,1
"12576",35.1104282407407,5,1315.83,263.166,967,0.0185223296974686
"12577",34.976400462963,3,657.8,219.266666666667,472,0.00923426167589024
"12578",20.9722337962963,2,2794.51,1397.255,1196,0.0064534055158691
"12579",77.8159837962963,1,440.42,440.42,285,1
"12580",246.101400462963,1,415.7,415.7,238,1
"12581",39.1625115740741,1,197.71,197.71,161,1
"12582",238.170150462963,2,511.36,255.68,300,0.0393104295483395
"12583",2.19653935185185,15,7281.38,485.425333333333,5060,0.0403254412462055
"12584",3.13542824074074,9,2338.15,259.794444444444,416,0.032401620081004
"12585",233.965983796296,2,2040.1,1020.05,1279,0.0169450638675932
"12586",16.851400462963,1,196.94,196.94,79,1
"12587",7.00209490740741,1,144,144,51,1
"12588",38.9090393518519,1,214.9,214.9,53,1
"12589",28.1048726851852,2,646.68,323.34,306,0.0171047786475347
"12590",210.915289351852,2,8606.56,4303.28,4283,1.99170124481328
"12591",316.927094907407,1,452.85,452.85,228,1
"12592",91.9069560185185,2,437.6,218.8,290,0.0163859808830223
"12593",108.004872685185,3,418.1,139.366666666667,206,0.0269942637189597
"12594",37.0208449074074,10,3338.22,333.822,1777,0.0349524743439129
"12596",50.9916782407407,2,618.27,309.135,474,0.0104174202416263
"12597",18.970150462963,4,3712.22,928.055,2236,0.0160012000900068
"12598",9.0222337962963,8,3023.08,377.885,1964,0.0289840487093041
"12599",28.9694560185185,7,1032.58,147.511428571429,956,0.0253619359611117
"12600",28.0979282407407,10,2563.94,256.394,774,0.0290784552878363
"12601",189.106261574074,5,577.06,115.412,245,0.0347257390071332
"12602",58.0611226851852,1,153.12,153.12,162,1
"12603",21.088900462963,1,328.5,328.5,63,1
"12604",78.9458449074074,2,254.18,127.09,201,0.0109239043854924
"12607",59.863900462963,1,1579.51,1579.51,1228,1
"12609",77.8444560185185,3,1126.85,375.616666666667,648,0.0124452280328761
"12610",22.1361226851852,5,2099.54,419.908,1049,0.0477004412290814
"12611",51.9847337962963,1,1193.32,1193.32,846,1
"12612",73.8854282407407,1,704.04,704.04,262,1
"12613",56.9104282407407,5,3344.38,668.876,1644,0.0242753635404269
"12614",277.102789351852,1,315.6,315.6,76,1
"12615",1.90834490740741,4,2291.19,572.7975,1376,0.0239434336380302
"12616",94.8979282407407,2,713.3,356.65,284,0.00985019495177509
"12617",28.9243171296296,1,355.53,355.53,213,1
"12618",21.0694560185185,1,177.31,177.31,96,1
"12619",15.9152893518519,9,3454.06,383.784444444444,3378,0.037803874897177
"12620",14.1041782407407,3,1339.41,446.47,1181,0.0157130906048812
"12621",1.05903935185185,20,13347.07,667.3535,7440,0.0547873281475605
"12622",231.840983796296,1,180.1,180.1,69,1
"12623",275.958344907407,1,305.1,305.1,191,1
"12624",105.906956018519,2,641.13,320.565,355,0.02773764807859
"12625",211.122233796296,2,2683.82,1341.91,1612,0.0183735573886582
"12626",22.863900462963,9,6620.48,735.608888888889,3453,0.0295846506796937
"12627",10.0298726851852,7,4478.53,639.79,2752,0.0534668590342018
"12628",3.98265046296296,3,786.46,262.153333333333,448,0.0490535614929542
"12630",9.0847337962963,2,1270.88,635.44,548,0.0571349217370603
"12631",56.9562615740741,1,640.5,640.5,236,1
"12633",58.0486226851852,4,2142.78,535.695,1162,0.0173820675003621
"12635",89.0736226851852,2,1689.18,844.59,1172,0.030258139754783
"12637",66.9611226851852,8,6021.9,752.7375,3002,0.0311133557860849
"12638",32.9854282407407,1,671.69,671.69,577,1
"12639",238.001400462963,1,486.1,486.1,201,1
"12640",23.0402893518519,3,1174.58,391.526666666667,311,0.0508528445809937
"12641",114.975011574074,1,185.9,185.9,72,1
"12642",24.907650462963,3,1013.26,337.753333333333,552,0.0360420490572334
"12643",127.995844907407,6,2421.54,403.59,1808,0.029261552216969
"12644",129.095150462963,1,477.91,477.91,325,1
"12645",33.0083449074074,4,1775.18,443.795,1084,0.0140855403125229
"12646",4.10834490740741,2,1346.97,673.485,897,0.0435822160346237
"12647",21.9958449074074,12,3722.82,310.235,1431,0.0344873007699769
"12648",154.038206018519,1,318.05,318.05,160,1
"12649",106.922928240741,3,623.51,207.836666666667,586,0.0283011451481879
"12650",2.84445601851852,1,314.44,314.44,254,1
"12651",334.002789351852,1,114,114,78,1
"12652",330.909733796296,1,919.98,919.98,505,1
"12653",148.089594907407,2,2061.95,1030.975,919,0.0134235695508697
"12654",10.1111226851852,5,601.98,120.396,264,0.0174904167091781
"12656",16.963900462963,5,3998.67,799.734,1723,0.0230221716302895
"12657",10.8770949074074,4,1643.18,410.795,1044,0.0586755223242026
"12658",18.1027893518519,1,686.05,686.05,320,1
"12659",29.0395949074074,1,91.68,91.68,105,1
"12660",10.9750115740741,1,245.1,245.1,127,1
"12662",0.0354282407407407,11,3849.78,349.98,2058,0.0294153149054309
"12664",7.82153935185185,9,4232.8,470.311111111111,1203,0.0285509720768849
"12665",324.177789351852,1,63,63,37,1
"12667",57.826400462963,1,620.13,620.13,395,1
"12668",11.0791782407407,4,3721.65,930.4125,1634,0.0115967706215144
"12669",150.122233796296,3,1810.23,603.41,1115,0.0280412049928923
"12670",9.89376157407407,5,2996.05,599.21,1397,0.0224001095116465
"12672",329.145844907407,1,225.9,225.9,78,1
"12673",4.95487268518518,2,610.52,305.26,351,0.00620945259794441
"12674",38.026400462963,4,1970.6,492.65,1133,0.0235119314888441
"12676",24.0173726851852,6,1331.39,221.898333333333,670,0.0208431839893468
"12678",41.9902893518518,12,13902.18,1158.515,10923,0.0384509261154774
"12679",58.013900462963,4,1113.02,278.255,554,0.0176988975061762
"12680",1.15740740740741e-05,4,862.81,215.7025,443,0.0351249496908273
"12681",14.0534837962963,22,13775.24,626.147272727273,7536,0.0621365316910041
"12682",3.11806712962963,31,12091.78,390.057419354839,5575,0.0840486442825646
"12683",3.84653935185185,15,8476.57,565.104666666667,4987,0.0414083437812719
"12684",7.12292824074074,7,2283.63,326.232857142857,1985,0.0338370851768055
"12685",27.9611226851852,6,2863.08,477.18,1523,0.0907200907200907
"12686",371.12431712963,1,89.14,89.14,107,1
"12688",113.167372685185,1,4873.81,4873.81,3028,1
"12689",25.1798726851852,2,1247.61,623.805,628,0.0194296585642292
"12690",205.153483796296,1,389.01,389.01,106,1
"12691",27.8340393518519,6,1035.8,172.633333333333,394,0.0181771132472024
"12693",126.790983796296,4,855.91,213.9775,255,0.0207035616595918
"12694",69.988900462963,2,869.67,434.835,509,0.0175740489876616
"12695",6.97778935185185,4,582.1,145.525,220,0.0196073759135642
"12697",28.1687615740741,3,957.59,319.196666666667,508,0.021169932814866
"12700",7.08542824074074,4,4939.99,1234.9975,2967,0.0191593183806384
"12701",79.0854282407407,2,797.71,398.855,678,0.0122020972354623
"12702",19.0930671296296,1,219,219,53,1
"12703",70.7902893518519,1,283.55,283.55,164,1
"12704",6.98265046296296,8,2340.84,292.605,1006,0.0490431895102067
"12705",14.9812615740741,9,6868.29,763.143333333333,3997,0.0262476228281409
"12707",291.175011574074,1,603.42,603.42,256,1
"12708",29.1236226851852,10,2712.91,271.291,1307,0.0294148287505439
"12709",14.8833449074074,15,9280.52,618.701333333333,3936,0.0425843159598525
"12710",96.0347337962963,3,1149.02,383.006666666667,851,0.0283250827787431
"12712",28.1882060185185,13,4396.13,338.163846153846,1062,0.0378190222408983
"12713",0.0236226851851852,1,848.55,848.55,508,1
"12714",8.87987268518519,5,4708.86,941.772,3069,0.0174702157086356
"12715",105.894456018519,1,353.86,353.86,197,1
"12716",3.16320601851852,2,1053.49,526.745,708,0.0152893022663205
"12717",150.918761574074,2,1030.98,515.49,506,0.0210134617489329
"12718",70.8416782407407,1,238.25,238.25,203,1
"12719",4.96181712962963,2,644.95,322.475,374,0.032811164910282
"12720",2.19931712962963,25,5781.73,231.2692,4672,0.0679909798633381
"12721",31.0257060185185,6,2656.13,442.688333333333,1959,0.0185171294163032
"12722",84.9166782407407,4,997.63,249.4075,566,0.0604946699574647
"12723",3.10487268518519,5,725.07,145.014,434,0.0796574728666733
"12724",4.86667824074074,4,1031.41,257.8525,445,0.0121935213450131
"12725",370.878483796296,1,427.8,427.8,164,1
"12726",27.9687615740741,7,2609.1,372.728571428571,3143,0.0212103804611995
"12727",10.0444560185185,7,3980.7,568.671428571429,2098,0.0225186482555867
"12728",70.8882060185185,4,836.33,209.0825,419,0.0152623211446741
"12729",113.048622685185,1,453.01,453.01,233,1
"12731",23.0354282407407,12,17420.31,1451.6925,8437,0.0350832313117839
"12732",179.053483796296,1,236.26,236.26,111,1
"12733",233.854872685185,1,383.95,383.95,137,1
"12734",352.002094907407,1,110.4,110.4,88,1
"12735",314.967372685185,2,779.57,389.785,368,0.0870853617973451
"12736",332.203483796296,1,234,234,173,1
"12738",371.765983796296,1,155.35,155.35,148,1
"12739",77.9930671296296,2,1013.04,506.52,486,0.0917343526039178
"12740",63.0875115740741,1,427.6,427.6,342,1
"12743",133.853483796296,2,546.43,273.215,319,1.97938144329897
"12744",51.063900462963,7,10450.49,1492.92714285714,5241,0.0261280690112807
"12747",1.92778935185185,11,4115.01,374.091818181818,1275,0.029894914844788
"12748",0.0208449074074074,209,32269.95,154.401674641148,25747,0.558852584433237
"12749",3.12084490740741,5,4090.88,818.176,1471,0.023722369205729
"12750",128.150706018519,1,275.88,275.88,137,1
"12752",80.9708449074074,1,4093.78,4093.78,2262,1
"12753",22.0819560185185,6,20102.95,3350.49166666667,11421,0.0175971714176314
"12754",235.159733796296,3,2595.54,865.18,6481,0.0405751909006377
"12755",280.00556712963,2,220.05,110.025,1491,0.0232336759224899
"12756",86.1382060185185,1,112.08,112.08,144,1
"12757",15.013900462963,13,5067.7,389.823076923077,2402,0.0660809279569627
"12758",116.102789351852,2,2791.59,1395.795,2135,0.0124278816071667
"12759",51.9173726851852,3,1531.44,510.48,902,0.0133762695070597
"12762",7.10209490740741,2,1898.52,949.26,1227,0.106194690265487
"12763",137.94306712963,2,494.08,247.04,316,0.00862311593899145
"12764",316.104872685185,1,1693.88,1693.88,386,1
"12766",3.16945601851852,7,6989.63,998.518571428571,3646,0.0192420392743766
"12769",238.100706018519,1,1143.6,1143.6,356,1
"12770",210.13681712963,1,1235.95,1235.95,743,1
"12772",59.1465393518518,1,892.47,892.47,556,1
"12775",16.845150462963,5,1386.04,277.208,877,0.0169424521375727
"12778",19.0555671296296,6,822.23,137.038333333333,825,0.0204170851302653
"12779",37.0465393518519,8,3981.36,497.67,2024,0.0238863903558699
"12781",63.0923726851852,2,826.74,413.37,671,0.00900579748212912
"12782",4.14862268518519,5,2330.92,466.184,1086,0.0141280075977285
"12783",1.87084490740741,6,2008.87,334.811666666667,624,0.0810651054127846
"12784",8.88334490740741,2,574.42,287.21,300,0.281112737920937
"12785",363.959733796296,1,311.95,311.95,131,1
"12787",9.17084490740741,3,463.66,154.553333333333,261,0.0163075482809126
"12789",64.9694560185185,1,91.85,91.85,4,1
"12790",191.941678240741,1,324.92,324.92,166,1
"12791",373.057650462963,1,192.6,192.6,97,1
"12792",256.051400462963,1,400.54,400.54,217,1
"12793",334.026400462963,2,545.48,272.74,295,0.0528072169863215
"12794",52.913900462963,2,860.41,430.205,592,0.0433650038396097
"12795",18.0993171296296,1,430.48,430.48,68,1
"12797",365.079872685185,1,254.03,254.03,118,1
"12798",9.87362268518519,3,1439.64,479.88,5256,0.0186061736317787
"12802",186.134733796296,1,427.58,427.58,314,1
"12808",36.1145949074074,3,483.65,161.216666666667,188,0.00900942235421211
"12809",177.082650462963,1,489.31,489.31,220,1
"12811",260.13056712963,3,514.85,171.616666666667,230,0.121201919030385
"12812",44.1222337962963,1,229.64,229.64,164,1
"12814",101.027094907407,1,125.92,125.92,49,1
"12815",147.103483796296,2,1063.46,531.73,379,0.0385609276045363
"12816",95.0062615740741,2,572.2,286.1,128,0.0243991290866423
"12817",280.848622685185,1,166.04,166.04,53,1
"12818",261.03056712963,1,1184.78,1184.78,929,1
"12820",2.90140046296296,4,942.34,235.585,722,0.0123414995779036
"12821",213.87431712963,1,92.72,92.72,70,1
"12822",70.1152893518519,2,948.88,474.44,550,0.112070978286248
"12823",74.2187615740741,5,1012.5,202.5,230,0.0224410921331505
"12824",59.0007060185185,1,397.12,397.12,232,1
"12826",2.10070601851852,7,1474.72,210.674285714286,1058,0.0192416352335721
"12827",5.02292824074074,3,430.15,143.383333333333,197,0.0752705033714913
"12828",2.17015046296296,6,1018.71,169.785,494,0.0466248266409079
"12829",336.067372685185,2,293,146.5,376,0.0804941446099667
"12830",37.038900462963,6,5365.98,894.33,9848,0.0444305027743352
"12831",261.991678240741,1,215.05,215.05,135,1
"12832",31.9722337962963,2,383.03,191.515,195,0.0298563164769547
"12833",144.961122685185,1,417.38,417.38,156,1
"12834",282.125706018519,1,312.38,312.38,110,1
"12836",58.9027893518519,4,2612.86,653.215,1064,0.0158002584000593
"12837",172.863206018519,1,134.1,134.1,24,1
"12838",33.0208449074074,2,683.13,341.565,359,0.00586482793450128
"12839",2.01181712962963,14,5591.42,399.387142857143,3807,0.0382655240156023
"12840",143.139594907407,4,2726.77,681.6925,1511,0.0476868563102295
"12841",4.06737268518518,25,4022.35,160.894,2757,0.0679309368808378
"12842",69.8868171296296,2,1118.99,559.495,547,0.00836389931956194
"12843",65.0284837962963,8,1702.26,212.7825,781,0.0400207051564872
"12844",28.9715393518519,2,325.96,162.98,125,0.0196051735874745
"12845",266.969456018519,4,347.79,86.9475,204,0.166840458811262
"12847",21.9819560185185,1,871.54,871.54,909,1
"12849",30.9645949074074,2,1050.89,525.445,623,0.00840152277600315
"12851",96.0062615740741,1,135.18,135.18,109,1
"12852",294.168761574074,1,311.55,311.55,149,1
"12853",134.056261574074,6,1957.1,326.183333333333,800,0.0329593615649593
"12854",78.0243171296296,3,1324.5,441.5,627,0.0124510029974637
"12855",372.134039351852,1,38.1,38.1,30,1
"12856",7.08195601851852,6,2179.93,363.321666666667,1079,0.105399272940201
"12857",210.104178240741,2,1106.4,553.2,343,0.0215265943133913
"12863",51.9409837962963,1,383.7,383.7,188,1
"12864",137.990983796296,1,147.12,147.12,216,1
"12865",25.9298726851852,2,1568.23,784.115,925,0.0203706323383788
"12866",282.943761574074,1,559.12,559.12,171,1
"12867",25.888900462963,7,4036.82,576.688571428571,4298,0.0208985116030278
"12868",185.088900462963,6,1607.06,267.843333333333,928,0.0317609692977297
"12871",83.9048726851852,2,380.64,190.32,200,0.0161204556267667
"12872",326.081956018518,2,599.97,299.985,319,0.0502022033189234
"12873",281.911122685185,1,374,374,128,1
"12875",142.888900462963,2,251.97,125.985,2019,0.00908497288703404
"12876",57.0166782407407,2,2218.02,1109.01,1941,0.0142905345056864
"12877",3.0972337962963,12,1535.77,127.980833333333,1178,0.0337152969502095
"12878",235.988206018519,2,854.99,427.495,547,0.0645957160479982
"12879",44.0180671296296,3,573.22,191.073333333333,370,0.0624882472914527
"12881",275.045844907407,1,298,298,21,1
"12882",8.85556712962963,2,1382.34,691.17,246,0.0793475865109103
"12883",24.1375115740741,4,703.47,175.8675,196,0.0608275075506368
"12884",87.9861226851852,1,309.05,309.05,43,1
"12885",62.9652893518519,3,1175.22,391.74,655,0.0491160252401796
"12886",67.1118171296296,2,1378.4,689.2,770,0.013076168682576
"12888",213.866678240741,2,354.12,177.06,76,0.0475475062323554
"12890",23.8083449074074,1,380.47,380.47,259,1
"12891",185.013206018519,3,329.5,109.833333333333,950,0.0277665297622491
"12893",30.0111226851852,1,188.14,188.14,96,1
"12895",41.957650462963,2,372.8,186.4,210,0.0442287609804042
"12897",204.025706018519,2,216.5,108.25,110,0.0204033920639306
"12901",8.11320601851852,28,8465.16,302.327142857143,23075,0.106473437095641
"12902",264.03056712963,1,138.68,138.68,66,1
"12904",17.9277893518519,2,509.58,254.79,302,0.0128988337304502
"12906",11.1215393518519,5,2762.31,552.462,1749,0.0737614227758882
"12908",175.882650462963,2,405,202.5,1200,0.0145850847251623
"12909",39.0048726851852,5,2091.17,418.234,1280,0.0232564148944417
"12910",22.9319560185185,8,3075.04,384.38,1692,0.0364987786216008
"12912",2.16320601851852,5,1662.3,332.46,670,0.128571428571429
"12913",4.02709490740741,5,2480.63,496.126,1419,0.0137055402743012
"12915",148.052789351852,2,363.65,181.825,93,0.00889050783939051
"12916",138.093761574074,4,3006.15,751.5375,1119,0.0218585870852181
"12917",127.838900462963,1,405,405,120,1
"12919",7.96042824074074,6,1335.19,222.531666666667,673,0.0369950116679869
"12920",16.9062615740741,1,164.23,164.23,129,1
"12921",8.85278935185185,37,16587.09,448.29972972973,9526,0.101355207390103
"12922",160.885428240741,1,405.38,405.38,370,1
"12923",63.8541782407407,1,176.97,176.97,69,1
"12924",87.9548726851852,4,933.7,233.425,481,0.0166605924923205
"12925",4.06876157407407,2,694.05,347.025,541,0.0281673610703597
"12928",34.9347337962963,5,2062.7,412.54,1472,0.0153872785674444
"12929",311.029178240741,1,117.85,117.85,37,1
"12930",77.8972337962963,2,415.8,207.9,252,0.0212588486266636
"12931",21.007650462963,15,14748.92,983.261333333333,28004,0.0444944320162158
"12933",23.8416782407407,3,607.53,202.51,499,0.01152897723027
"12935",1.80903935185185,7,2160.7,308.671428571429,1853,0.0220026324578119
"12936",16.8041782407407,4,1063.9,265.975,559,0.0643568228287952
"12937",14.9062615740741,4,1504.27,376.0675,1007,0.0158082806848059
"12938",25.0618171296296,1,114.14,114.14,140,1
"12939",63.9284837962963,8,7418.76,927.345,4876,0.0295057026429631
"12940",54.0284837962963,2,913.54,456.77,411,0.0586880769465898
"12942",130.92431712963,3,683.9,227.966666666667,203,0.0127544618473303
"12944",35.0736226851852,2,604.51,302.255,289,0.00624968805810474
"12945",287.940983796296,1,462.95,462.95,165,1
"12947",143.113900462963,6,1603.99,267.331666666667,1165,0.0260033407069658
"12948",15.8194560185185,7,2064.95,294.992857142857,1080,0.0280801063032596
"12949",30.0590393518519,8,4167.22,520.9025,2381,0.0358872914752107
"12950",1.98126157407407,3,1843,614.333333333333,1380,0.130556982683067
"12951",8.02501157407407,6,1064.07,177.345,503,0.0185718185550523
"12952",5.09376157407407,4,1387.79,346.9475,653,0.054238309572685
"12953",9.14306712962963,1,329.85,329.85,84,1
"12955",0.847928240740741,11,4757.16,432.469090909091,3664,0.0411507666408608
"12956",305.862511574074,1,108.07,108.07,34,1
"12957",9.12292824074074,8,4017.54,502.1925,2549,0.0241765391032435
"12962",6.87153935185185,2,266.39,133.195,129,0.0186749839511857
"12963",7.99653935185185,8,1856.63,232.07875,881,0.0223367930802476
"12965",88.8882060185185,1,771.91,771.91,283,1
"12966",9.00834490740741,1,160.18,160.18,75,1
"12967",357.736122685185,2,1659.4,829.7,438,0.138989431012017
"12968",111.879178240741,1,135.95,135.95,73,1
"12970",6.93056712962963,4,452.24,113.06,310,0.0126575046257026
"12971",3.02084490740741,86,11162.26,129.793720930233,9289,0.232546785393718
"12974",197.13681712963,1,144.8,144.8,24,1
"12976",211.121539351852,1,738.6,738.6,561,1
"12977",155.840289351852,1,39.24,39.24,12,1
"12980",157.136122685185,9,3439.98,382.22,886,0.0445731501798747
"12981",29.0347337962963,2,372.22,186.11,242,0.0190645148478149
"12982",242.040983796296,1,390.54,390.54,288,1
"12984",18.0090393518519,1,97.5,97.5,26,1
"12985",0.0861226851851852,2,1239.38,619.69,1533,0.0691609432784208
"12987",73.032650462963,2,558.7,279.35,219,0.0159997333377777
"12988",291.929872685185,1,535.32,535.32,136,1
"12989",2.89028935185185,15,5153.51,343.567333333333,2943,0.0414266096922924
"12990",30.9923726851852,3,409.5,136.5,200,0.0107184859146193
"12991",22.8861226851852,2,503.76,251.88,405,0.0222127954957387
"12993",22.8757060185185,4,414.76,103.69,240,0.0144898369893339
"12994",3.87987268518519,3,974.42,324.806666666667,459,0.0113079532604599
"12995",84.8791782407407,1,211.32,211.32,108,1
"12997",21.8770949074074,4,1226.89,306.7225,664,0.0135135769218136
"12999",195.976400462963,3,455.88,151.96,342,0.0598520324752695
"13000",106.088206018519,3,534.85,178.283333333333,379,0.0115824836384013
"13001",3.9159837962963,13,9452.6,727.123076923077,5505,0.0402367779626262
"13002",317.897233796296,1,120.95,120.95,73,1
"13003",105.083344907407,3,149.05,49.6833333333333,103,0.0272474408219645
"13004",11.057650462963,18,5655.91,314.217222222222,4822,0.051853793108967
"13005",173.081261574074,2,513.7,256.85,172,0.0270674147799363
"13006",55.9590393518518,1,81.57,81.57,55,1
"13008",322.934733796296,1,229.47,229.47,175,1
"13011",371.811122685185,1,50.55,50.55,13,1
"13012",8.98959490740741,8,1661.84,207.73,824,0.0279583149290606
"13013",0.909039351851852,13,4810.94,370.072307692308,2224,0.0350303989760345
"13014",10.0159837962963,10,3466.28,346.628,905,0.0367986220960393
"13015",52.9798726851852,5,3253.78,650.756,1617,0.0253868855580355
"13016",72.9458449074074,3,789.89,263.296666666667,527,0.058865209571047
"13017",6.87292824074074,1,202.5,202.5,48,1
"13018",15.9736226851852,28,7277.7,259.917857142857,5435,0.0999645463042621
"13021",3.84237268518519,9,2616.38,290.708888888889,1352,0.0253330336112279
"13023",63.8493171296296,2,689.9,344.95,286,0.0301719170691335
"13026",0.827789351851852,5,975.36,195.072,1620,0.0181670001488685
"13027",113.132650462963,6,4840.5,806.75,17280,0.0248066288824958
"13028",22.0694560185185,2,661.32,330.66,798,0.0837671969983421
"13029",30.1507060185185,3,724,241.333333333333,134,0.00926481942180664
"13030",10.9305671296296,2,799.48,399.74,394,0.00558660301560175
"13032",51.8722337962963,2,1010.18,505.09,375,0.0556048963200371
"13033",356.935428240741,1,190.55,190.55,83,1
"13034",54.020150462963,2,642.77,321.385,369,0.00633121486780291
"13035",73.1618171296296,2,921.88,460.94,644,0.0106392410674705
"13037",137.877789351852,3,881.07,293.69,431,0.0252094955766672
"13038",79.9257060185185,3,908.46,302.82,360,0.0142098719137934
"13040",8.09167824074074,2,676.99,338.495,355,0.0773258155457108
"13043",272.915289351852,1,516.42,516.42,254,1
"13044",290.895844907407,1,560.47,560.47,429,1
"13045",98.9069560185185,1,305.28,305.28,221,1
"13046",30.176400462963,2,629.31,314.655,264,0.00844939020633528
"13047",31.0305671296296,10,3237.54,323.754,1391,0.0291420106368339
"13048",13.9770949074074,4,1835.91,458.9775,1238,0.0127409104884679
"13049",63.8882060185185,2,656.68,328.34,268,0.00784446175552517
"13050",14.1472337962963,17,5836.86,343.344705882353,3748,0.048159777142992
"13052",211.94306712963,1,348.15,348.15,222,1
"13055",77.9333449074074,3,1214.41,404.803333333333,894,0.0220219403776355
"13058",24.0048726851852,3,271.4,90.4666666666667,52,0.0234321606404791
"13059",249.090289351852,1,183.4,183.4,35,1
"13060",253.050706018519,1,307.53,307.53,123,1
"13061",71.8652893518519,1,248.61,248.61,107,1
"13062",190.901400462963,1,346.98,346.98,343,1
"13064",12.0132060185185,4,1119.49,279.8725,516,0.01266017539618
"13065",372.831956018518,1,205.86,205.86,74,1
"13066",23.995150462963,2,470.8,235.4,322,0.226575407127685
"13067",81.9666782407407,1,115.46,115.46,32,1
"13068",9.9097337962963,2,344,172,200,0.00644583706356312
"13069",0.17431712962963,24,4393.82,183.075833333333,5885,0.0648822788398538
"13070",191.96181712963,1,228.8,228.8,110,1
"13072",266.19306712963,1,177.15,177.15,69,1
"13075",129.104872685185,1,919.61,919.61,485,1
"13077",0.726400462962963,4,729.27,182.3175,863,0.0109234693393766
"13078",2.8847337962963,26,12520.34,481.551538461538,5630,0.0713756007541717
"13079",3.83126157407407,5,220.1,44.02,62,0.0364719469941037
"13080",178.910428240741,1,58.08,58.08,120,1
"13081",11.0805671296296,11,28327.38,2575.21636363636,19068,0.0304935566960693
"13082",125.856956018519,9,2670.13,296.681111111111,4324,0.0422488378309655
"13083",3.90903935185185,2,303.75,151.875,187,0.0277096262086881
"13085",157.027094907407,2,416.08,208.04,216,0.0143961130494766
"13089",2.15834490740741,97,57196.99,589.659690721649,31070,0.263629243066238
"13090",8.00765046296296,14,7609.56,543.54,2263,0.0383349401301791
"13091",27.8722337962963,1,345.82,345.82,466,1
"13092",70.063900462963,5,477.83,95.566,279,0.0172442285722497
"13093",275.025011574074,8,7707.47,963.43375,3961,0.0809022852086464
"13094",20.9465393518519,12,1927.32,160.61,1716,0.034468108024008
"13095",70.032650462963,1,74.4,74.4,144,1
"13097",32.0882060185185,10,6010.42,601.042,2363,0.0304124691123361
"13098",0.941678240740741,28,27645.72,987.347142857143,15968,0.0883226580914245
"13099",98.7986226851852,1,202.5,202.5,288,1
"13101",233.925706018519,1,101.19,101.19,113,1
"13102",0.998622685185185,24,6368.83,265.367916666667,4204,0.0657591798368959
"13103",39.1333449074074,1,243.94,243.94,82,1
"13104",2.98612268518518,6,1098.48,183.08,504,0.0170430336599915
"13106",132.901400462963,1,76.5,76.5,18,1
"13107",43.9152893518519,4,1531.62,382.905,1293,0.0137883488452258
"13108",372.093761574074,1,350.06,350.06,298,1
"13109",59.1069560185185,2,786.54,393.27,520,0.0202417767781839
"13110",30.9305671296296,7,1488.67,212.667142857143,388,0.0249143568981626
"13113",0.000706018518518518,24,10411.36,433.806666666667,3045,0.0653990553469783
"13115",11.0083449074074,4,2294.78,573.695,1567,0.0230084324307051
"13116",137.928483796296,1,501.14,501.14,291,1
"13117",21.0333449074074,8,984.91,123.11375,945,0.0227303669415226
"13118",19.0027893518519,5,1197.81,239.562,410,0.0185178517234462
"13120",238.104872685185,1,30.6,30.6,12,1
"13121",268.835428240741,1,283.73,283.73,252,1
"13122",93.8729282407407,2,922.39,461.195,585,0.0135989536360674
"13124",89.0034837962963,3,3866.33,1288.77666666667,2147,0.0110739416310993
"13126",4.11806712962963,8,2099.64,262.455,2143,0.0220428687875274
"13127",77.1000115740741,1,259.17,259.17,127,1
"13130",93.888900462963,1,64,64,32,1
"13131",22.9784837962963,3,1073.3,357.766666666667,447,0.0181705762848743
"13132",261.004178240741,1,77.3,77.3,20,1
"13133",273.096539351852,2,109.8,54.9,32,0.0629329370889146
"13134",85.0937615740741,4,1793.58,448.395,1059,0.0256572441625315
"13135",196.081956018519,1,202.5,202.5,4300,1
"13136",55.9645949074074,5,2607.61,521.522,1328,0.0318395287749741
"13137",10.0284837962963,8,3650.41,456.30125,2226,0.0267549207455147
"13138",21.832650462963,6,962.39,160.398333333333,473,0.0170903653065584
"13139",15.9555671296296,7,5064.94,723.562857142857,2425,0.0286789747266535
"13140",107.88681712963,3,423.72,141.24,186,0.0115823594231342
"13141",84.1222337962963,5,2388.75,477.75,1548,0.0215639881398065
"13142",18.8632060185185,1,307.09,307.09,258,1
"13144",332.065983796296,1,110.95,110.95,21,1
"13145",39.0034837962963,4,526.02,131.505,145,0.0119840462384451
"13146",25.8895949074074,1,228.91,228.91,154,1
"13147",9.95209490740741,4,642.6,160.65,144,0.0444132592084262
"13148",28.8937615740741,12,3707.12,308.926666666667,1975,0.0357041760248937
"13149",13.9868171296296,4,1676.06,419.015,1280,0.0144945041671699
"13151",295.014594907407,1,1257.87,1257.87,363,1
"13153",5.02501157407407,1,486.22,486.22,418,1
"13155",32.8812615740741,4,971.76,242.94,497,0.0119004084567278
"13157",48.9583449074074,4,1741.22,435.305,1439,0.0160005777986427
"13158",94.0361226851852,4,1201.06,300.265,784,0.0177711958533876
"13159",8.06251157407407,4,1437.85,359.4625,1059,0.0370427535113443
"13160",21.9882060185185,1,91.8,91.8,56,1
"13161",312.94931712963,1,112.75,112.75,29,1
"13162",121.868761574074,4,1688.29,422.0725,1713,0.0187600151122344
"13165",45.9062615740741,2,1021.48,510.74,1376,0.00653507269133808
"13166",282.898622685185,1,417.2,417.2,216,1
"13167",18.0180671296296,4,791.33,197.8325,785,0.03174410722454
"13168",35.9958449074074,4,1319.19,329.7975,682,0.0141363222492459
"13169",63.0270949074074,2,712.88,356.44,272,0.0105314352371584
"13170",26.0215393518519,1,116.01,116.01,147,1
"13171",21.0993171296296,3,468.41,156.136666666667,229,0.0107588206140995
"13173",3.87431712962963,2,353.65,176.825,277,0.00549365654345997
"13174",15.9270949074074,3,2817.03,939.01,1395,0.00847638874445454
"13176",45.8798726851852,1,492.84,492.84,453,1
"13177",64.1208449074074,1,282.45,282.45,91,1
"13178",25.8583449074074,11,5725.47,520.497272727273,3570,0.0328200367982231
"13182",44.9611226851852,1,121.18,121.18,201,1
"13183",7.0972337962963,9,3957.78,439.753333333333,2208,0.0274401863222528
"13184",14.0333449074074,10,1701.29,170.129,1692,0.0361303402022797
"13185",267.037511574074,1,71.4,71.4,12,1
"13186",39.0486226851852,3,1575.89,525.296666666667,820,0.033294541082535
"13187",336.745150462963,1,236.02,236.02,95,1
"13188",10.8902893518519,1,114.6,114.6,25,1
"13189",18.0909837962963,2,260.68,130.34,842,0.0204303134776224
"13192",94.9423726851852,2,911.94,455.97,595,0.0180229792986057
"13193",60.9305671296296,1,117.88,117.88,50,1
"13194",135.159039351852,1,60.7,60.7,26,1
"13196",10.9555671296296,4,1797.78,449.445,1224,0.0158743282348078
"13198",9.89792824074074,6,3401.24,566.873333333333,2648,0.0170337599659325
"13199",3.01390046296296,38,9177.46,241.512105263158,6176,0.104375890542652
"13200",18.8854282407407,4,870.09,217.5225,516,0.0370263234017935
"13203",9.08681712962963,4,869.46,217.365,800,0.017105946989383
"13207",14.9152893518519,2,250.26,125.13,130,0.0146911042303239
"13208",58.1222337962963,6,1223.9,203.983333333333,804,0.0238475084321919
"13209",29.9555671296296,8,5891.61,736.45125,4253,0.0240861581950435
"13210",93.188900462963,1,353.48,353.48,316,1
"13211",9.92153935185185,3,1194.42,398.14,874,0.00852430809059445
"13212",19.0069560185185,3,788.08,262.693333333333,310,0.0699119627136199
"13213",56.0472337962963,5,1520.58,304.116,1360,0.0347289214740498
"13216",267.022233796296,1,333.74,333.74,297,1
"13217",121.887511574074,3,497.44,165.813333333333,262,0.0853687455537112
"13218",126.827094907407,1,62.64,62.64,88,1
"13220",77.9666782407407,4,819.29,204.8225,196,0.0251397745276472
"13221",239.827789351852,2,847.41,423.705,244,0.0166460517645971
"13223",199.990983796296,2,163.2,81.6,88,0.0607761622385886
"13224",59.9132060185185,2,2155.95,1077.975,1518,0.0217317487266553
"13225",2.97292824074074,7,5176.52,739.502857142857,3416,0.0194903128504583
"13226",272.927094907407,1,108.21,108.21,80,1
"13227",201.043761574074,1,257.7,257.7,99,1
"13228",80.9319560185185,1,358,358,200,1
"13229",225.029872685185,1,160.95,160.95,63,1
"13230",3.8659837962963,14,2806.97,200.497857142857,1665,0.0386892481888404
"13232",12.0909837962963,7,1357.6,193.942857142857,778,0.0301894929782474
"13233",73.9757060185185,2,605.12,302.56,1004,0.00760624980192058
"13235",211.817372685185,1,1031.07,1031.07,441,1
"13236",24.0000115740741,2,744.85,372.425,416,0.0240497027189525
"13238",16.8840393518519,4,700.73,175.1825,298,0.0116264987283517
"13239",261.100706018519,1,329.56,329.56,327,1
"13240",95.9458449074074,4,663.65,165.9125,298,0.0148118052144755
"13242",111.997928240741,3,270.4,90.1333333333333,130,0.0294063591251608
"13243",202.983344907407,1,600.07,600.07,233,1
"13244",92.0444560185185,1,121.74,121.74,38,1
"13245",50.0486226851852,1,430.5,430.5,125,1
"13246",17.8333449074074,6,1987.3,331.216666666667,1602,0.0191610817140297
"13247",17.0770949074074,4,501.12,125.28,328,0.0606264735601213
"13248",124.006956018519,2,465.68,232.84,305,0.0303110035257591
"13249",91.9750115740741,3,711.41,237.136666666667,546,0.0176557135850907
"13253",156.11181712963,2,1030.4,515.2,1572,0.010883284333361
"13255",8.98334490740741,2,399.51,199.755,177,0.00547865985892451
"13258",11.1382060185185,3,698.58,232.86,287,0.0153966783092166
"13259",61.0847337962963,1,292.32,292.32,132,1
"13260",60.9784837962963,1,541.12,541.12,142,1
"13261",268.019456018518,2,944.1,472.05,210,0.110679835517467
"13262",262.90556712963,1,200.29,200.29,125,1
"13263",0.952094907407407,35,7454.07,212.973428571429,4780,0.107727296044869
"13265",52.9083449074074,5,2078.16,415.632,1752,0.0226025591119706
"13266",10.9243171296296,12,3834.26,319.521666666667,4428,0.0487440233565112
"13267",2.06806712962963,19,4521.49,237.973157894737,1969,0.0520437045378458
"13268",17.0409837962963,11,3214.69,292.244545454545,3658,0.0438354951280057
"13269",0.914594907407407,15,5346.23,356.415333333333,3514,0.0406364878034097
"13270",365.914594907407,1,202.5,202.5,200,1
"13271",36.9298726851852,1,217.38,217.38,253,1
"13272",30.951400462963,2,276.56,138.28,96,0.0338528810212286
"13273",112.950011574074,1,138.98,138.98,153,1
"13276",63.0041782407407,2,590.93,295.465,161,0.0538912071256152
"13277",15.145150462963,4,258.4,64.6,176,0.0336222747570265
"13278",40.0423726851852,1,542.73,542.73,537,1
"13279",77.8097337962963,1,137.75,137.75,73,1
"13280",121.983344907407,3,814.86,271.62,522,0.0138994350137064
"13282",17.8868171296296,3,1132.14,377.38,307,0.0147677161316788
"13283",59.1250115740741,2,93.66,46.83,90,0.0157625977636814
"13284",330.143761574074,1,201.19,201.19,91,1
"13285",22.9798726851852,4,2709.12,677.28,2051,0.0149344285247585
"13291",155.09306712963,1,361.11,361.11,233,1
"13292",38.1152893518518,2,578.94,289.47,347,0.00810391013664093
"13294",189.163900462963,2,873.74,436.87,453,0.032870333382791
"13295",359.06181712963,1,201.2,201.2,82,1
"13296",136.961122685185,1,87.4,87.4,78,1
"13297",7.13751157407407,4,2089.85,522.4625,963,0.065825562260011
"13298",0.985428240740741,1,292.5,292.5,96,1
"13299",267.996539351852,1,142.5,142.5,30,1
"13300",168.98681712963,1,371.89,371.89,203,1
"13301",103.059039351852,4,618.09,154.5225,345,0.0210609451099118
"13302",154.787511574074,1,63.75,63.75,5,1
"13304",350.927094907407,1,300.42,300.42,238,1
"13305",3.89931712962963,10,2000.86,200.086,1232,0.0270908389694193
"13307",119.816678240741,1,15,15,4,1
"13308",22.1382060185185,3,1385.51,461.836666666667,843,0.0164974910065761
"13309",6.84445601851852,5,1456.79,291.358,1544,0.0165469692617064
"13310",27.8104282407407,3,1132.03,377.343333333333,587,0.0100973978164377
"13311",3.99653935185185,2,598.57,299.285,305,0.0136112935927671
"13313",21.8347337962963,5,1555.32,311.064,851,0.0157092737079122
"13314",1.01459490740741,3,775.94,258.646666666667,560,0.0410455206225237
"13316",36.9652893518519,4,5721.83,1430.4575,6948,0.018346344586395
"13317",65.9687615740741,6,2273.68,378.946666666667,1035,0.0204655437462841
"13318",0.74931712962963,3,640.76,213.586666666667,304,0.080589497248391
"13319",4.96945601851852,26,10845.55,417.136538461539,4724,0.0719930775886934
"13320",77.7798726851852,4,1548.7,387.175,1096,0.0293431415500922
"13321",71.8930671296296,2,537.86,268.93,372,0.133296306581505
"13322",16.9368171296296,1,199.48,199.48,117,1
"13323",2.81806712962963,5,786.35,157.27,175,0.0608575847991277
"13324",35.8486226851852,10,6840.61,684.061,5205,0.030743086008053
"13325",81.0930671296296,1,675.3,675.3,240,1
"13327",38.1034837962963,8,3627.77,453.47125,1600,0.0244063142863801
"13328",315.894456018518,1,1244.58,1244.58,680,1
"13329",31.0979282407407,2,789,394.5,463,0.00595215951787508
"13330",92.0159837962963,3,1140.93,380.31,751,0.0133870882773111
"13332",13.9722337962963,1,350.9,350.9,179,1
"13334",81.895150462963,3,3536.82,1178.94,1774,0.0133837703196305
"13336",76.9479282407407,1,795.12,795.12,559,1
"13338",157.15556712963,1,487.02,487.02,256,1
"13339",200.179872685185,1,860.12,860.12,326,1
"13340",44.982650462963,7,10449.56,1492.79428571429,5770,0.0301637460499856
"13341",260.125011574074,1,775.85,775.85,301,1
"13343",177.01806712963,1,353.43,353.43,135,1
"13344",67.1284837962963,3,2456.22,818.74,971,0.0142200219225338
"13345",287.159039351852,1,389.5,389.5,141,1
"13347",69.9736226851852,1,341.36,341.36,205,1
"13348",63.8069560185185,1,233.76,233.76,136,1
"13349",10.1965393518519,1,247.32,247.32,225,1
"13350",15.845150462963,2,979.12,489.56,287,0.0311890838206628
"13351",65.9965393518519,1,373.94,373.94,117,1
"13352",59.9548726851852,1,397.98,397.98,321,1
"13354",70.9812615740741,1,743.53,743.53,604,1
"13355",121.91806712963,1,674.7,674.7,314,1
"13356",79.9284837962963,1,768.24,768.24,325,1
"13357",256.954178240741,1,609.95,609.95,322,1
"13358",268.040289351852,1,439.03,439.03,285,1
"13359",63.138900462963,1,439.56,439.56,161,1
"13362",8.92292824074074,4,3090.74,772.685,1382,0.0143302118682019
"13363",17.0069560185185,2,992.5,496.25,710,0.0738575165410063
"13364",70.7757060185185,1,134.96,134.96,71,1
"13365",33.0097337962963,2,2225.37,1112.685,1247,0.010809350087826
"13366",49.9673726851852,1,56.16,56.16,144,1
"13368",256.118761574074,2,623.4,311.7,327,0.0244218881172251
"13369",365.05556712963,1,308.28,308.28,149,1
"13370",371.100011574074,1,754.87,754.87,343,1
"13372",89.0027893518518,1,378.64,378.64,159,1
"13373",60.082650462963,3,3312.25,1104.08333333333,1651,0.0138348022135684
"13375",88.1048726851852,1,778.65,778.65,442,1
"13376",98.8569560185185,3,1019.76,339.92,493,0.0220371059974596
"13379",25.9618171296296,3,572.56,190.853333333333,601,0.0270136756733096
"13381",31.0361226851852,6,3639.31,606.551666666667,2029,0.0223817961391402
"13382",280.115983796296,1,222.99,222.99,131,1
"13384",30.0736226851852,7,4122.43,588.918571428571,2422,0.0470024293914398
"13385",329.123622685185,1,534.57,534.57,281,1
"13388",130.998622685185,2,677.1,338.55,282,2
"13389",10.9507060185185,3,797.96,265.986666666667,429,0.0135089074358405
"13390",74.1750115740741,1,544.08,544.08,224,1
"13391",203.083344907407,1,59.8,59.8,4,1
"13394",1.05140046296296,8,2520.02,315.0025,2392,0.0258866515211778
"13395",184.906956018519,1,307.72,307.72,336,1
"13396",28.8270949074074,2,1360.99,680.495,600,0.00686954074257827
"13397",72.0791782407407,5,1544.13,308.826,430,0.0186651319780374
"13398",191.981261574074,1,457.34,457.34,281,1
"13402",126.87431712963,2,621.23,310.615,479,0.00813194073848187
"13403",17.1819560185185,1,75,75,44,1
"13404",0.884039351851852,2,252.49,126.245,111,0.00942716857610475
"13405",73.8257060185185,3,572.451,190.817,165,0.012279215721944
"13408",1.15626157407407,62,27941.74,450.673225806452,16232,0.166248933943608
"13410",23.8868171296296,5,1003.06,200.612,518,0.0186540579053047
"13411",106.953483796296,1,213.55,213.55,72,1
"13414",133.045150462963,3,973.5,324.5,1574,0.0182948520319144
"13416",43.1625115740741,2,712.5,356.25,142,0.0516008815150592
"13417",4.16737268518519,2,640.83,320.415,162,0.00991656996863196
"13418",11.1020949074074,18,6079.93,337.773888888889,3918,0.049725855526438
"13419",63.0007060185185,1,221.06,221.06,275,1
"13420",149.16806712963,2,159.85,79.925,101,0.0913908545679561
"13421",39.9368171296296,2,1851.08,925.54,1181,0.00797000179878513
"13422",63.963900462963,1,2626.3,2626.3,1326,1
"13425",107.817372685185,3,1624.21,541.403333333333,1123,0.0160119199848776
"13426",0.160428240740741,10,3641.32,364.132,2245,0.0277897857098746
"13427",18.9916782407407,3,582.6,194.2,545,0.0152378802415486
"13428",9.93751157407407,1,218.47,218.47,156,1
"13429",10.1527893518519,4,1006.8,251.7,1390,0.0608680030856696
"13430",18.1882060185185,2,679.45,339.725,751,0.0290929661693251
"13431",66.9590393518519,2,1269.1,634.55,672,0.0904977375565611
"13434",73.9305671296296,2,534.24,267.12,300,0.0863438764802878
"13435",4.92015046296296,7,3809.89,544.27,2129,0.0378580174116834
"13436",1.09515046296296,1,196.89,196.89,76,1
"13437",13.951400462963,7,3408.06,486.865714285714,1283,0.0395526780459094
"13439",254.937511574074,1,283.71,283.71,242,1
"13441",91.1333449074074,1,296.64,296.64,204,1
"13447",22.9666782407407,3,1129.14,376.38,584,0.228233305156382
"13448",16.0118171296296,6,3539.37,589.895,1660,0.0167564936261324
"13449",23.1819560185185,1,291.88,291.88,222,1
"13450",26.038900462963,6,2043.72,340.62,1982,0.0311411950433598
"13451",25.8694560185185,5,2976.15,595.23,2149,0.0161803934082875
"13452",258.938206018519,2,405,202.5,2,0.165128146321885
"13453",165.136122685185,2,356.98,178.49,134,0.0160008889382743
"13455",24.0618171296296,2,1058.34,529.17,354,0.00583220266904275
"13456",17.1472337962963,6,1756.72,292.786666666667,765,0.0314566160836513
"13458",6.88959490740741,14,9646.57,689.040714285714,5508,0.0396441465889516
"13460",28.8145949074074,2,183.44,91.72,286,0.0938508163065793
"13461",38.1590393518519,3,1445,481.666666666667,1170,0.0238202891518433
"13462",252.062511574074,1,151.5,151.5,62,1
"13464",57.9090393518519,1,674.68,674.68,403,1
"13466",183.840983796296,1,307.9,307.9,259,1
"13467",10.1173726851852,2,1083.71,541.855,584,0.0748732614064734
"13468",1.0909837962963,37,5704.97,154.188378378378,2589,0.099245414463231
"13470",98.9118171296296,2,165,82.5,100,0.118270296907725
"13471",0.879178240740741,4,2531.58,632.895,1590,0.0849131703865318
"13473",60.0625115740741,2,422.64,211.32,266,0.0073231199542305
"13474",235.956261574074,1,229.59,229.59,132,1
"13475",190.956956018519,4,1431.78,357.945,1012,0.0370189465024808
"13476",178.034733796296,2,1238.47,619.235,417,0.0192517229623589
"13477",37.0319560185185,6,1454.58,242.43,1021,0.0235310138217471
"13479",200.08681712963,2,300.95,150.475,134,0.0571905159061122
"13481",45.1548726851852,5,1804.56,360.912,1142,0.0235849056603774
"13482",231.82431712963,1,184.64,184.64,116,1
"13483",65.0395949074074,1,140.34,140.34,160,1
"13484",240.847233796296,1,313.8,313.8,44,1
"13485",232.952789351852,1,454.24,454.24,277,1
"13486",77.9840393518518,3,1122.41,374.136666666667,669,0.0385459607045345
"13487",57.0298726851852,3,575.4,191.8,265,0.0101049558726869
"13488",16.9229282407407,13,8932.01,687.077692307692,4518,0.0370297108042885
"13489",104.981956018519,4,449.52,112.38,560,0.0210407884451003
"13491",51.1791782407407,10,1215.82,121.582,903,0.0310798969183419
"13492",135.934039351852,3,1269.84,423.28,408,0.0378884221050877
"13493",274.885428240741,2,618.63,309.315,380,0.154398756232241
"13494",311.036122685185,1,316.26,316.26,162,1
"13495",7.06181712962963,5,2044.87,408.974,829,0.0138183311678217
"13496",10.0777893518519,2,653.33,326.665,341,0.00571382089949032
"13497",282.156956018519,2,348.05,174.025,163,0.0230166151190391
"13499",17.0618171296296,5,1159.11,231.822,1365,0.0197547665233532
"13500",22.8854282407407,3,1166.77,388.923333333333,609,0.0299594299386248
"13501",287.743761574074,1,1340.32,1340.32,560,1
"13502",16.0909837962963,3,292,97.3333333333333,264,0.00973815191516988
"13503",70.9770949074074,1,216.85,216.85,248,1
"13504",63.9791782407407,1,295.93,295.93,178,1
"13505",72.0375115740741,4,4276.13,1069.0325,2486,0.0248458993482265
"13506",315.956261574074,2,458.52,229.26,324,0.0369904184541088
"13507",2.98403935185185,4,2479.16,619.79,1597,0.027960757853041
"13508",243.036122685185,1,110.97,110.97,24,1
"13509",8.11112268518518,7,979.72,139.96,1106,0.0252832450844405
"13510",0.961122685185185,4,1791.56,447.89,1386,0.0218368755070629
"13512",260.115983796296,1,251.21,251.21,143,1
"13513",126.041678240741,1,205.1,205.1,109,1
"13514",73.132650462963,1,152.2,152.2,40,1
"13515",72.0583449074074,4,891.12,222.78,681,0.0227225209374618
"13516",20.982650462963,3,1389.41,463.136666666667,985,0.0137558151753389
"13517",59.0465393518519,3,2128.42,709.473333333333,1369,0.0247679438593273
"13518",85.0979282407407,1,659.44,659.44,392,1
"13519",77.7680671296296,1,122.75,122.75,23,1
"13520",58.1041782407407,6,3624.35,604.058333333333,1649,0.0191089564386567
"13521",0.958344907407407,3,1093.65,364.55,736,0.301654912366455
"13522",29.9020949074074,1,125.8,125.8,44,1
"13523",32.9020949074074,5,3964.88,792.976,1752,0.0149685348922785
"13524",40.0111226851852,5,680.18,136.036,324,0.0277769204654177
"13525",14.0340393518519,2,569.78,284.89,394,0.00851604890814199
"13527",33.0319560185185,7,2287.51,326.787142857143,1692,0.0238068808498679
"13529",78.1493171296296,2,307.76,153.88,74,0.0157613900670406
"13531",204.829178240741,2,483.8,241.9,174,0.0123397017048498
"13532",33.0173726851852,1,210.31,210.31,129,1
"13533",182.038900462963,3,270.79,90.2633333333333,204,0.0348986565632902
"13534",1.91528935185185,25,5870.08,234.8032,2961,0.0700322342811678
"13536",0.841678240740741,7,3448.29,492.612857142857,2136,0.0931711465227197
"13538",42.8444560185185,7,1280.85,182.978571428571,175,0.0256179569679318
"13539",85.1055671296296,3,631.34,210.446666666667,320,0.0133458966001946
"13544",39.0368171296296,2,291.41,145.705,127,0.00990139857254837
"13546",11.9166782407407,3,626.99,208.996666666667,359,0.0158639227955757
"13548",95.9166782407407,2,682.41,341.205,441,0.0135011602559595
"13549",25.1458449074074,7,918.2,131.171428571429,458,0.0321369134535067
"13551",318.919456018519,1,91.8,91.8,12,1
"13552",65.8965393518519,12,3740.07,311.6725,1417,0.0479588353330058
"13555",73.0097337962963,4,4149.28,1037.32,2660,0.0309927360774818
"13557",27.8930671296296,2,584.06,292.03,546,0.00790101780472415
"13558",5.0597337962963,4,605.06,151.265,344,0.0625658516450691
"13560",6.98542824074074,1,174.37,174.37,64,1
"13561",215.007650462963,1,141.86,141.86,83,1
"13562",81.082650462963,3,1799.33,599.776666666667,757,0.0181903161830653
"13563",83.920150462963,2,777.53,388.765,209,0.0351545334700454
"13564",143.928483796296,3,1400.88,466.96,661,0.0133404564783048
"13565",18.9284837962963,2,240.22,120.11,172,0.00632904438022613
"13566",40.0354282407407,2,874.71,437.355,575,0.0465424457408814
"13568",172.922233796296,1,192.85,192.85,70,1
"13569",16.9882060185185,2,373.75,186.875,164,0.0056975773426341
"13570",242.96806712963,1,239.49,239.49,161,1
"13571",12.0854282407407,12,2092.32,174.36,1759,0.0496032885143126
"13572",205.035428240741,1,1384.25,1384.25,534,1
"13573",49.9284837962963,2,294.4,147.2,303,0.00980438882572018
"13575",22.9833449074074,5,732.07,146.414,449,0.0324777842933827
"13576",9.88612268518519,18,6217.48,345.415555555556,2646,0.0494609293006393
"13577",24.8965393518519,4,1687.6,421.9,791,0.0184163240249899
"13579",14.1729282407407,2,467.04,233.52,176,0.00562290239383355
"13581",308.922928240741,1,118,118,30,1
"13583",155.090289351852,1,781.03,781.03,725,1
"13584",306.000706018519,1,142.4,142.4,37,1
"13587",63.0132060185185,1,615.5,615.5,180,1
"13588",15.088900462963,9,2478.95,275.438888888889,2606,0.0373778945516527
"13589",14.0277893518519,2,379.65,189.825,114,0.012049906696903
"13590",10.9972337962963,6,1981.92,330.32,1848,0.0204793203899604
"13591",64.0166782407407,3,1117.13,372.376666666667,485,0.0147779206918256
"13592",35.1257060185185,4,247.96,61.99,84,0.0174045469378875
"13593",107.968761574074,5,2037.08,407.416,731,0.0218457869489628
"13594",52.1048726851852,1,396.97,396.97,359,1
"13596",5.03403935185185,2,697.04,348.52,406,0.2499132245748
"13598",46.9319560185185,1,180.17,180.17,58,1
"13599",0.861122685185185,21,5153.67,245.412857142857,3294,0.0573379926772709
"13600",311.890983796296,1,219.52,219.52,324,1
"13601",44.8048726851852,2,693.32,346.66,548,0.0119741059957841
"13602",64.0437615740741,1,428.89,428.89,267,1
"13603",25.870150462963,1,164.34,164.34,164,1
"13606",28.7944560185185,3,280.54,93.5133333333333,279,0.0105912465308764
"13607",39.8562615740741,1,678.01,678.01,290,1
"13610",11.8833449074074,7,1131.88,161.697142857143,516,0.025543949277015
"13611",88.9159837962963,3,1171.8,390.6,766,0.0110627400768246
"13614",23.9187615740741,4,1610.46,402.615,570,0.0130254856289998
"13615",318.18681712963,1,417.69,417.69,189,1
"13617",39.9583449074074,3,544.18,181.393333333333,300,0.0212708338462296
"13618",173.070150462963,1,177.34,177.34,246,1
"13621",116.183344907407,1,213.85,213.85,343,1
"13623",30.0347337962963,5,747.78,149.556,294,0.018660004354001
"13626",252.114594907407,1,257.23,257.23,209,1
"13627",58.9375115740741,5,1637.45,327.49,1269,0.0167120057192197
"13629",22.9784837962963,11,6930.36,630.032727272727,4372,0.0348046195222275
"13630",4.89862268518519,7,2031.78,290.254285714286,1391,0.0249019854886644
"13631",99.120150462963,11,1505,136.818181818182,467,0.065205578699511
"13632",24.082650462963,5,2121.27,424.254,1037,0.0227456530529721
"13634",32.9652893518519,5,1575.16,315.032,704,0.0169535425840024
"13635",67.0798726851852,1,1071.03,1071.03,677,1
"13636",36.0972337962963,5,949.12,189.824,592,0.020013286598603
"13637",51.9708449074074,3,810.5,270.166666666667,409,0.017141088617841
"13638",15.0916782407407,1,122.64,122.64,93,1
"13639",73.9680671296296,1,998.24,998.24,800,1
"13642",215.011122685185,1,354.8,354.8,173,1
"13643",30.8840393518519,3,519.44,173.146666666667,273,0.0193343089998523
"13644",15.9465393518519,4,2624.26,656.065,2067,0.0443985385481061
"13645",119.860428240741,1,252.1,252.1,158,1
"13647",9.0347337962963,4,1673.12,418.28,895,0.0176919934515052
"13649",256.040983796296,2,346.6,173.3,139,0.0180377665737638
"13650",16.0194560185185,6,1836.34,306.056666666667,922,0.0238105080401802
"13651",34.9104282407407,2,94.2,47.1,33,0.390879478827362
"13652",45.1659837962963,3,1095.08,365.026666666667,578,0.00925985467172529
"13654",42.851400462963,6,2707.33,451.221666666667,2182,0.0259576385759351
"13655",113.934039351852,2,932.97,466.485,605,0.015601976250325
"13656",164.096539351852,2,379.65,189.825,490,0.0115085374966533
"13657",10.0125115740741,2,382.14,191.07,209,0.0104167796959602
"13658",9.10903935185185,5,2639.17,527.834,1019,0.0255484035796152
"13659",205.009039351852,2,1573.2,786.6,894,0.0172383865349047
"13662",85.0319560185185,3,897.76,299.253333333333,543,0.0171482329777986
"13663",178.879178240741,1,189.47,189.47,91,1
"13666",59.882650462963,3,84.65,28.2166666666667,41,0.013151725859581
"13667",148.88056712963,1,305.02,305.02,154,1
"13668",2.02709490740741,21,6362.57,302.979523809524,3742,0.0581744309524909
"13669",50.1375115740741,2,218.55,109.275,237,0.0200183501543081
"13670",74.8923726851852,1,349.7,349.7,282,1
"13672",300.956261574074,2,186.39,93.195,57,0.0625013563662406
"13673",18.0270949074074,2,396.92,198.46,119,0.13463606189519
"13675",150.995150462963,2,486.82,243.41,330,0.0149220478438159
"13678",151.108344907407,1,232.6,232.6,924,1
"13680",0.960428240740741,4,3577.34,894.335,1936,0.0118000143402952
"13681",17.0673726851852,4,827.83,206.9575,360,0.0288126775781344
"13682",186.947233796296,1,59.5,59.5,10,1
"13684",285.109039351852,1,67.23,67.23,39,1
"13685",2.04792824074074,7,1746.94,249.562857142857,5056,0.118753092528451
"13686",182.152789351852,1,72,72,70,1
"13689",62.9784837962963,1,910,910,512,1
"13690",58.907650462963,1,172.25,172.25,67,1
"13692",24.0645949074074,3,1488.32,496.106666666667,1226,0.0140891005152958
"13694",3.13751157407407,50,57198.33,1143.9666,63312,0.134811264230078
"13695",30.9333449074074,15,2504.13,166.942,1603,0.0654674405564732
"13697",38.1500115740741,1,151.3,151.3,177,1
"13699",154.832650462963,1,308.58,308.58,66,1
"13700",25.9930671296296,10,2265.12,226.512,2304,0.0331139533921106
"13703",317.986122685185,1,99.5,99.5,10,1
"13704",4.90070601851852,9,2308.06,256.451111111111,1531,0.10711363467308
"13705",7.01251157407407,3,711.86,237.286666666667,363,0.0081724848326627
"13706",302.145150462963,1,330.79,330.79,189,1
"13707",266.782650462963,2,806.41,403.205,351,0.0406572929019143
"13708",270.961122685185,1,296.88,296.88,306,1
"13709",3.09862268518519,13,6328.05,486.773076923077,3516,0.0415583492988139
"13710",31.1902893518519,1,180.48,180.48,176,1
"13711",218.096539351852,2,252.06,126.03,140,1.99722607489598
"13712",246.01181712963,1,228.84,228.84,352,1
"13715",280.728483796296,5,1079.34,215.868,563,0.0540910081211639
"13716",268.959039351852,1,138.28,138.28,138,1
"13717",31.9423726851852,6,1445.01,240.835,1959,0.0224688712512873
"13718",245.976400462963,2,306.55,153.275,173,0.0399522792220403
"13719",14.8916782407407,5,1041.68,208.336,609,0.0227208179494462
"13720",116.002789351852,4,799.9,199.975,501,0.0287469618553768
"13721",35.9479282407407,1,524.14,524.14,316,1
"13722",131.004178240741,3,2375.41,791.803333333333,1401,0.0197313431472406
"13723",216.823622685185,1,199.85,199.85,43,1
"13725",49.1159837962963,8,1980.56,247.57,806,0.0307803294457136
"13726",38.0840393518518,2,1079.66,539.83,1054,0.0317519817426105
"13727",28.1277893518519,2,333.48,166.74,162,0.339222614840989
"13728",36.0840393518518,6,1016.14,169.356666666667,458,0.0218225904223075
"13730",135.177094907407,2,752.6,376.3,488,0.0745573159366263
"13731",218.928483796296,2,610.59,305.295,278,0.0709656752827539
"13732",27.8757060185185,1,491.86,491.86,498,1
"13735",24.0666782407407,4,2885.24,721.31,1130,0.0189670217495102
"13736",4.89653935185185,2,731.9,365.95,497,0.00780964002440513
"13737",199.845844907407,1,339.6,339.6,125,1
"13739",17.9687615740741,1,216.9,216.9,54,1
"13740",240.095844907407,1,350.75,350.75,425,1
"13741",71.1465393518519,3,668.43,222.81,218,0.020433647406062
"13742",16.0715393518519,12,3131.02,260.918333333333,1124,0.0393650562227771
"13743",2.11181712962963,7,1341.6,191.657142857143,1776,0.0271520271089287
"13744",94.8965393518519,2,1156.36,578.18,1249,0.0100984953943147
"13745",161.838206018519,1,300.04,300.04,496,1
"13747",373.092372685185,1,79.6,79.6,8,1
"13748",95.1284837962963,5,946.75,189.35,439,0.0179191398812857
"13750",53.0236226851852,5,1359.8,271.96,516,0.0176044715357701
"13751",287.870844907407,1,296.25,296.25,152,1
"13752",123.940289351852,6,1186.28,197.713333333333,876,0.0487441608557308
"13753",287.001400462963,1,741.26,741.26,512,1
"13754",151.040983796296,2,282.6,141.3,214,0.0119853678634001
"13755",3.01667824074074,9,2161.35,240.15,1264,0.147875994112345
"13756",1.83751157407407,14,5024.52,358.894285714286,3188,0.0382293877040181
"13758",11.0687615740741,7,3190.55,455.792857142857,1844,0.0192858495818529
"13759",32.9187615740741,2,659.41,329.705,287,0.0513304935213075
"13760",53.8590393518519,2,286.79,143.395,197,0.00984544699354918
"13761",49.9507060185185,2,1070.65,535.325,642,0.0153585255815442
"13762",218.14931712963,1,306.72,306.72,272,1
"13763",62.9007060185185,1,1714.96,1714.96,728,1
"13764",70.032650462963,3,1521.76,507.253333333333,932,0.011198963058976
"13767",1.9097337962963,37,16402.46,443.30972972973,7322,0.099415412001127
"13769",1.90417824074074,10,2796.51,279.651,1163,0.0273172212315514
"13771",63.938900462963,4,2634.45,658.6125,1477,0.0217464350570655
"13772",33.0465393518519,3,1132.13,377.376666666667,546,0.0144950877758093
"13774",81.0305671296296,1,345,345,192,1
"13777",0.0173726851851852,33,17914.51,542.863939393939,12897,0.0882706968035308
"13778",102.892372685185,1,178.7,178.7,70,1
"13780",6.95903935185185,2,360.01,180.005,318,0.0121886188771235
"13781",250.029178240741,1,127.84,127.84,30,1
"13782",12.038900462963,6,912,152,371,0.0189854225355208
"13784",9.13681712962963,11,2462.79,223.89,2493,0.0339728260286753
"13786",366.956261574074,1,230.4,230.4,136,1
"13787",75.0305671296296,2,309.04,154.52,337,0.00689917856655192
"13790",3.87640046296296,1,348.8,348.8,748,1
"13791",127.045844907407,2,1428.5,714.25,1200,0.0478516598544512
"13792",65.9298726851852,2,195.55,97.775,92,0.00900822000075069
"13798",0.87431712962963,57,35508.43,622.954912280702,23948,0.153252412773275
"13799",116.029872685185,2,688.86,344.43,402,0.0111788657332831
"13800",309.015983796296,1,558.32,558.32,331,1
"13801",66.107650462963,1,324.8,324.8,168,1
"13802",138.08056712963,3,4389.92,1463.30666666667,2572,0.0172461286034229
"13803",254.995150462963,1,277.07,277.07,121,1
"13804",30.0125115740741,7,2635.79,376.541428571429,1498,0.0269084871183626
"13805",51.9166782407407,2,924.6,462.3,1900,0.0256499318673685
"13806",63.0465393518519,1,256.38,256.38,56,1
"13807",366.876400462963,1,112.6,112.6,36,1
"13808",5.0222337962963,5,1747.66,349.532,782,0.0543433138854715
"13809",304.982650462963,1,155.05,155.05,29,1
"13810",28.1784837962963,3,1102.01,367.336666666667,312,0.104106419895894
"13811",183.122233796296,3,794.25,264.75,68,0.0529710375947225
"13812",41.932650462963,3,539,179.666666666667,333,0.0468277454391727
"13813",39.0916782407407,4,1366.86,341.715,552,0.0416651596802778
"13814",91.9597337962963,2,1579.12,789.56,864,0.0434821994745901
"13815",21.9382060185185,4,4027.36,1006.84,2560,0.0134641412051809
"13816",23.1750115740741,2,571.67,285.835,269,0.0479033948204454
"13817",28.7923726851852,2,382.98,191.49,211,0.0061871217638453
"13819",301.091678240741,3,1140.35,380.116666666667,1109,0.157894736842105
"13821",144.125706018519,2,385.64,192.82,153,0.0169592330657936
"13822",5.02570601851852,2,632,316,611,0.0557944902940835
"13823",18.1027893518519,2,957.66,478.83,439,0.0270321006194856
"13824",32.0062615740741,5,1693.94,338.788,768,0.0179223068000219
"13826",175.959733796296,1,189.5,189.5,82,1
"13827",57.0083449074074,3,412.05,137.35,141,0.0345323741007194
"13828",21.8666782407407,1,209.49,209.49,311,1
"13831",15.8812615740741,6,2079.09,346.515,745,0.0169422395130675
"13832",18.8847337962963,1,52.2,52.2,28,1
"13833",158.97431712963,1,384.8,384.8,118,1
"13835",24.8840393518519,4,834.57,208.6425,442,0.0209412662921961
"13837",211.027789351852,2,271.24,135.62,183,0.0186921953594029
"13838",5.07640046296296,4,691.73,172.9325,263,0.0109585913644017
"13841",252.027789351852,1,85,85,100,1
"13842",58.082650462963,9,3385.62,376.18,1768,0.0291254281168253
"13844",10.9784837962963,1,361.62,361.62,196,1
"13845",64.1840393518519,1,312.98,312.98,182,1
"13846",24.0298726851852,3,865.06,288.353333333333,388,0.00890648193963385
"13848",91.9944560185185,3,742.5,247.5,3700,0.0109127284852527
"13849",51.0770949074074,2,1537.95,768.975,1016,0.0166620383226881
"13850",128.948622685185,1,1595.48,1595.48,944,1
"13851",95.0097337962963,3,1965.96,655.32,1705,0.0154795433534711
"13853",56.938900462963,1,1090.14,1090.14,312,1
"13854",8.15556712962963,25,7905.32,316.2128,2296,0.069846221901447
"13856",168.115983796296,3,388.5,129.5,494,0.0836398838334947
"13858",56.8562615740741,1,216.17,216.17,75,1
"13859",325.858344907407,1,201.16,201.16,129,1
"13860",0.995150462962963,5,1245.9,249.18,591,0.0580411124546554
"13862",17.851400462963,8,2209.36,276.17,1688,0.0253928507663042
"13863",247.104178240741,1,305.78,305.78,224,1
"13865",57.9715393518519,4,501.56,125.39,204,0.0172368905367675
"13866",73.913900462963,1,145.67,145.67,57,1
"13867",30.876400462963,3,1015.29,338.43,513,0.0159633434335969
"13868",6.84584490740741,2,710.04,355.02,1964,0.062193620834863
"13869",122.956261574074,4,3104.95,776.2375,1721,0.0170253518129339
"13870",1.97709490740741,8,2762.94,345.3675,1325,0.0279547870146132
"13871",22.0840393518519,13,6403.25,492.557692307692,2806,0.0452875103723398
"13873",119.112511574074,3,389.6,129.866666666667,140,0.015705036154302
"13874",357.770844907407,1,540.45,540.45,180,1
"13875",53.1347337962963,5,1786.79,357.358,1316,0.0201006708598899
"13876",63.1027893518519,1,122.7,122.7,36,1
"13877",85.8757060185185,1,117.24,117.24,108,1
"13878",54.0215393518518,1,1281.53,1281.53,475,1
"13880",20.9625115740741,13,3219.77,247.674615384615,1842,0.0374651765986743
"13881",3.00001157407407,20,15278.02,763.901,10118,0.0647022349230313
"13882",2.06528935185185,5,1191.13,238.226,953,0.0795861520095503
"13883",10.0868171296296,5,2674.48,534.896,1436,0.0205146907980215
"13884",6.8472337962963,5,787.6,157.52,300,0.0180428517729608
"13885",188.904872685185,2,506.8,253.4,182,0.163126593033135
"13886",70.9812615740741,1,243.56,243.56,126,1
"13887",203.811122685185,1,349.55,349.55,147,1
"13888",119.109039351852,2,605.63,302.815,258,0.0200372916260819
"13889",92.1507060185185,1,416.9,416.9,146,1
"13890",0.884733796296296,10,1883.81,188.381,831,0.0279131977087917
"13892",26.0416782407407,4,632.97,158.2425,983,0.018100343780835
"13893",297.05556712963,1,717.6,717.6,190,1
"13894",23.1291782407407,3,564.62,188.206666666667,354,0.0104214411502183
"13895",27.8284837962963,4,2593.07,648.2675,1365,0.0291380008093889
"13897",49.9305671296296,1,311.16,311.16,200,1
"13898",325.098622685185,1,155.93,155.93,133,1
"13899",15.9652893518519,2,388.52,194.26,156,0.00771683502585676
"13900",182.725011574074,3,740.95,246.983333333333,430,0.0373208469758883
"13901",71.9180671296296,5,2867.2,573.44,1739,0.0202231853202145
"13904",36.9645949074074,2,332.64,166.32,332,0.00774895537086016
"13908",79.0423726851852,4,2369.55,592.3875,1478,0.0202030830746567
"13911",56.8798726851852,9,2580.91,286.767777777778,2731,0.0357086767124873
"13914",11.0937615740741,2,626.45,313.225,380,0.077655243077089
"13917",49.1208449074074,2,272.04,136.02,228,0.0139975698663426
"13918",49.0173726851852,2,1160.94,580.47,1140,0.00976734721562776
"13919",58.9347337962963,2,384.81,192.405,474,0.0316591366289615
"13922",351.091678240741,1,172.25,172.25,93,1
"13923",53.0118171296296,1,351.13,351.13,185,1
"13924",1.13265046296296,6,1838.85,306.475,1575,0.0835978016874371
"13925",92.0020949074074,4,678.25,169.5625,331,0.0929662029116498
"13926",22.9819560185185,1,223.85,223.85,104,1
"13927",74.0347337962963,1,348.99,348.99,214,1
"13928",10.095150462963,4,464.57,116.1425,129,0.0323170663285344
"13929",168.891678240741,2,647.15,323.575,143,0.0126573933680533
"13930",57.1284837962963,2,337.34,168.67,274,0.0250162866449511
"13931",95.1097337962963,2,1185.03,592.515,725,0.0107491163703817
"13932",294.033344907407,1,307.4,307.4,72,1
"13933",108.94931712963,2,608.79,304.395,205,0.0499757062539044
"13934",263.17431712963,1,922.1,922.1,390,1
"13936",179.168761574074,1,376.58,376.58,330,1
"13937",168.843761574074,1,158.85,158.85,123,1
"13938",34.9257060185185,1,71.66,71.66,70,1
"13939",22.970150462963,3,568.55,189.516666666667,847,0.0103775556532455
"13940",16.8993171296296,4,839.14,209.785,516,0.0312584794052206
"13941",21.1298726851852,5,4577.52,915.504,2364,0.014205498317043
"13946",78.970150462963,3,561.57,187.19,443,0.0158607193864251
"13947",64.9222337962963,1,90.6,90.6,44,1
"13948",360.10556712963,1,102,102,40,1
"13949",2.13542824074074,6,2427.32,404.553333333333,2474,0.0645836447899537
"13950",10.9208449074074,4,745.06,186.265,323,0.0169394327054568
"13951",175.838206018519,3,674.45,224.816666666667,459,0.0251980261546179
"13952",217.159733796296,2,3251.071,1625.5355,1431,0.0909866363377879
"13953",6.86528935185185,7,1683.18,240.454285714286,2724,0.0202176202176202
"13954",1.00001157407407,2,439.92,219.96,150,0.0285380209675182
"13955",153.813206018519,2,322.96,161.48,154,0.0131401847838485
"13956",4.97917824074074,5,1026.42,205.284,491,0.0187251793846178
"13959",78.9055671296296,3,598.2,199.4,357,0.0105615725007946
"13960",20.8909837962963,2,230.22,115.11,142,0.039126181936746
"13962",21.1687615740741,2,169.55,84.775,87,0.008893115863713
"13963",307.921539351852,4,664.54,166.135,460,0.066419132400083
"13967",145.033344907407,1,80.7,80.7,42,1
"13969",6.90209490740741,18,9043.94,502.441111111111,4542,0.0501646026022888
"13971",18.0305671296296,8,2758.26,344.7825,1844,0.0298523706980324
"13972",70.038900462963,2,190.25,95.125,187,0.015149921094161
"13973",286.895150462963,1,264.7,264.7,109,1
"13974",48.9229282407407,1,413.59,413.59,249,1
"13975",30.9798726851852,6,2526.28,421.046666666667,1732,0.0243861134631668
"13976",206.150706018519,1,357.98,357.98,154,1
"13978",14.051400462963,2,196.79,98.395,315,0.0627833972793861
"13979",72.9708449074074,1,869.87,869.87,639,1
"13980",59.9694560185185,1,200.14,200.14,172,1
"13982",38.851400462963,4,1871.81,467.9525,1136,0.0122285983606035
"13983",29.0722337962963,12,2340.93,195.0775,1183,0.0355009162852236
"13984",26.0083449074074,5,690.53,138.106,679,0.0146687311547551
"13985",3.8222337962963,15,7060.13,470.675333333333,3445,0.0574410033028577
"13986",16.9097337962963,1,320.46,320.46,430,1
"13988",19.107650462963,6,4147.96,691.326666666667,3044,0.0254306881296965
"13989",65.1270949074074,2,1266.08,633.04,1313,0.0114445574771109
"13990",212.896539351852,1,311.3,311.3,190,1
"13991",11.8555671296296,6,855.97,142.661666666667,998,0.0454067689720412
"13992",29.8937615740741,1,76.8,76.8,64,1
"13993",42.1555671296296,9,3464.86,384.984444444444,900,0.0311491288578893
"13994",3.07292824074074,6,2313.14,385.523333333333,940,0.041182667054343
"13995",14.9361226851852,5,1393.69,278.738,879,0.0216214917628122
"13999",9.96528935185185,12,3901.81,325.150833333333,2243,0.0340816974578762
"14000",210.833344907407,1,635.66,635.66,710,1
"14001",45.0965393518519,3,2043.08,681.026666666667,962,0.009121371246144
"14002",133.871539351852,2,529.73,264.865,877,0.0868097419821558
"14004",42.9236226851852,7,4582.64,654.662857142857,2668,0.0284302443647194
"14005",9.00626157407407,5,2874.72,574.944,2478,0.0241442214829917
"14006",115.132650462963,3,962.19,320.73,641,0.0151691784766212
"14009",197.877094907407,2,695.61,347.805,365,0.246427654659023
"14012",277.016678240741,1,328.8,328.8,160,1
"14013",109.909039351852,3,473.02,157.673333333333,462,0.0180449620303924
"14014",76.9805671296296,1,505.18,505.18,1076,1
"14015",52.1166782407407,1,917.34,917.34,378,1
"14016",161.056261574074,4,4336.21,1084.0525,2125,0.020316887001425
"14019",46.1090393518519,3,1421.61,473.87,1037,0.0323367815919877
"14020",16.1444560185185,2,642.8,321.4,441,0.0274940334128878
"14021",154.877789351852,3,631.9,210.633333333333,192,0.0294045577064445
"14022",224.92431712963,1,440,440,487,1
"14023",6.95278935185185,2,584.07,292.035,345,0.00819933494283242
"14024",121.05556712963,2,327.7,163.85,150,0.510728852633446
"14027",60.1590393518519,1,104.82,104.82,62,1
"14029",62.9194560185185,2,467.66,233.83,198,0.0244173329150735
"14030",17.8347337962963,8,2272.59,284.07375,1479,0.0229209485930079
"14031",6.81737268518518,19,14333.3,754.384210526316,5788,0.0519087271547529
"14032",1.89376157407407,11,2975.59,270.508181818182,2032,0.0301215129214445
"14034",21.9500115740741,3,651.82,217.273333333333,423,0.0220525176624331
"14035",28.1159837962963,5,1428.02,285.604,739,0.0185263807943186
"14036",284.141678240741,1,626.65,626.65,268,1
"14037",175.953483796296,2,147.2,73.6,46,0.0105766476433907
"14038",77.9673726851852,3,1560.38,520.126666666667,965,0.0230803752698053
"14039",32.9597337962963,1,152.2,152.2,92,1
"14040",40.0055671296296,12,3614.92,301.243333333333,1554,0.0411090889626378
"14041",265.975706018519,1,141.41,141.41,94,1
"14044",26.0312615740741,4,652.82,163.205,308,0.0140836116639689
"14045",108.890983796296,4,1144.5,286.125,535,0.0150850498251863
"14046",283.91806712963,1,154.99,154.99,460,1
"14047",8.04653935185185,5,1308.61,261.722,381,0.013696180667841
"14048",304.914594907407,1,409.93,409.93,288,1
"14049",16.0208449074074,4,5681.72,1420.43,3870,0.0132434191013328
"14050",31.1180671296296,2,746.36,373.18,689,0.0263702455729119
"14051",0.104178240740741,23,15145.09,658.482173913044,3756,0.062687974016289
"14052",19.013900462963,1,225.36,225.36,89,1
"14053",123.932650462963,2,260.25,130.125,215,0.055420852095601
"14054",64.8757060185185,1,92.46,92.46,62,1
"14055",105.906956018519,1,513.14,513.14,216,1
"14056",0.96806712962963,23,8214.65,357.158695652174,4273,0.0810063176122703
"14057",23.0958449074074,17,6033.82,354.930588235294,4876,0.0503060903660138
"14059",266.113900462963,1,183.6,183.6,128,1
"14060",4.01459490740741,19,6090.92,320.574736842105,5386,0.0514887707055994
"14062",9.11528935185185,12,9213.85,767.820833333333,5593,0.0337310262977075
"14064",28.9833449074074,5,1245.2,249.04,1788,0.0203243426345429
"14066",266.020150462963,1,152.55,152.55,45,1
"14067",63.1034837962963,2,374.7,187.35,361,0.0589427150488119
"14068",319.866678240741,1,265.85,265.85,73,1
"14071",3.0159837962963,8,1438.82,179.8525,995,0.0305299813957926
"14073",31.8757060185185,1,151.04,151.04,130,1
"14075",4.17501157407407,3,942.26,314.086666666667,754,0.0116428554102894
"14076",128.896539351852,1,122.47,122.47,81,1
"14077",40.0104282407407,5,499.42,99.884,268,0.0212889891573995
"14078",101.023622685185,6,1049.37,174.895,310,0.0219801466360708
"14079",124.027789351852,1,375.1,375.1,301,1
"14080",32.070150462963,1,45.6,45.6,48,1
"14081",301.856261574074,2,934.52,467.26,596,0.0294027565084227
"14082",364.075011574074,1,182.25,182.25,110,1
"14083",3.98334490740741,9,1018.43,113.158888888889,732,0.0244542143894937
"14085",1.96112268518519,18,4448.54,247.141111111111,3184,0.0490401042859008
"14087",2.00626157407407,1,194.42,194.42,251,1
"14088",9.85695601851852,13,47804.79,3677.29153846154,12665,0.0415161374024471
"14089",56.0916782407407,1,161,161,134,1
"14090",324.082650462963,1,76.32,76.32,72,1
"14092",7.02570601851852,14,4076.91,291.207857142857,2066,0.0397895260388501
"14093",11.8493171296296,1,442.85,442.85,406,1
"14096",3.81459490740741,17,55697.8,3276.34117647059,16352,0.172993753003364
"14098",36.1090393518519,1,147.35,147.35,104,1
"14099",15.9562615740741,11,3104.17,282.197272727273,2179,0.0324378121678657
"14100",137.075706018519,1,194.9,194.9,64,1
"14101",73.0152893518518,6,4478.53,746.421666666667,6942,0.02362469546291
"14102",4.88334490740741,5,1360.28,272.056,961,0.124627847400125
"14104",154.000011574074,2,216.21,108.105,72,0.166657022163069
"14105",238.786122685185,1,1266.23,1266.23,800,1
"14107",51.026400462963,7,2703.23,386.175714285714,1793,0.0222967906335783
"14108",30.0895949074074,2,597.91,298.955,381,0.0277914483397505
"14109",72.1055671296296,1,144.2,144.2,88,1
"14110",3.01667824074074,12,5314.33,442.860833333333,2445,0.0454369759168251
"14111",13.9625115740741,4,692.85,173.2125,458,0.0175370226032736
"14112",22.013900462963,7,2915.15,416.45,1651,0.0275543843727277
"14113",3.0222337962963,4,1529.92,382.48,745,0.0113635466891833
"14114",273.13056712963,2,386.53,193.265,101,0.0345170607763942
"14116",19.0979282407407,5,1382.74,276.548,707,0.0485879137564531
"14117",143.125706018519,1,90,90,72,1
"14121",3.02153935185185,4,2780.15,695.0375,2082,0.0700900462399611
"14124",83.9708449074074,1,419.58,419.58,1618,1
"14125",10.0020949074074,3,2740.43,913.476666666667,1640,0.043554094790648
"14126",7.04515046296296,3,603.35,201.116666666667,508,0.754716981132075
"14127",122.084039351852,3,709.71,236.57,321,0.0158786751597975
"14128",60.0347337962963,2,637.5,318.75,564,0.0102015153500926
"14129",1.07501157407407,5,1123.86,224.772,592,0.0192236835781683
"14130",318.864594907407,1,483.86,483.86,258,1
"14132",1.96876157407407,11,3586.03,326.002727272727,3368,0.0604185817653364
"14133",129.052789351852,3,605.64,201.88,348,0.0160423637234623
"14135",1.05001157407407,15,4655.21,310.347333333333,3850,0.0403172369253627
"14138",1.00417824074074,2,982.38,491.19,610,0.0316810771566233
"14139",45.9694560185185,1,415.82,415.82,510,1
"14140",3.15626157407407,2,935.05,467.525,811,0.0691891891891892
"14141",2.12292824074074,4,915.13,228.7825,355,0.0385353876619858
"14142",372.845150462963,1,311.81,311.81,313,1
"14143",133.126400462963,1,115.8,115.8,30,1
"14145",46.0277893518519,4,2227.5,556.875,756,0.0232606035642029
"14146",8.10556712962963,5,4191,838.2,2437,0.0142951876839016
"14147",77.7777893518519,2,481.9,240.95,108,0.00960294490310362
"14148",233.033344907407,1,157.2,157.2,16,1
"14149",220.129178240741,1,446.62,446.62,218,1
"14150",35.1145949074074,2,658.64,329.32,496,0.00615383300463033
"14152",74.9972337962963,2,621.29,310.645,711,0.0125093385687232
"14154",238.850011574074,2,1345.62,672.81,465,1.96185286103542
"14155",265.942372685185,1,118.75,118.75,25,1
"14156",9.08056712962963,55,84036.02,1527.92763636364,57885,0.151530805523987
"14157",19.0541782407407,2,432.88,216.44,284,0.00749242952433479
"14158",39.9041782407407,1,507.66,507.66,781,1
"14159",19.0097337962963,11,4693.01,426.637272727273,4408,0.0319716453488724
"14161",215.047928240741,3,1110.52,370.173333333333,455,0.0193632537437865
"14162",173.051400462963,2,289.36,144.68,142,0.0166720696522021
"14163",86.8972337962963,4,2351.41,587.8525,893,0.0261598201512365
"14164",70.0180671296296,2,1476.27,738.135,1033,0.181749337372207
"14165",275.007650462963,1,122.54,122.54,54,1
"14167",38.9312615740741,4,574.84,143.71,150,0.013654304306084
"14171",97.8382060185185,1,363.79,363.79,167,1
"14173",10.038900462963,4,450.84,112.71,150,0.0190557479877329
"14174",32.9812615740741,1,134.46,134.46,94,1
"14175",59.0382060185185,3,3222.3,1074.1,1515,0.0110708766750467
"14176",296.984733796296,4,576.9,144.225,209,0.0562901287050339
"14177",85.9020949074074,4,559.41,139.8525,205,0.0424775628498315
"14178",8.03403935185185,7,1620.93,231.561428571429,1505,0.040007938082953
"14179",40.0298726851852,2,719.78,359.89,330,0.154780458967055
"14180",10.0791782407407,25,4748.52,189.9408,719,0.0688879193552091
"14184",66.0048726851852,1,452.89,452.89,127,1
"14185",330.956956018518,1,197.65,197.65,6,1
"14188",30.0034837962963,6,2054.36,342.393333333333,1162,0.0213555325412342
"14189",1.87153935185185,15,4654.08,310.272,3937,0.0408523772868348
"14191",1.14376157407407,13,4684.76,360.366153846154,3662,0.0591034088648799
"14193",67.1361226851852,2,853.39,426.695,445,0.0098563977604074
"14194",4.09167824074074,21,11349.52,540.453333333333,5840,0.0688921441540778
"14195",201.097928240741,2,780.2,390.1,760,0.0386582370233158
"14196",106.100706018519,1,335.52,335.52,142,1
"14198",17.8437615740741,4,701.4,175.35,290,0.0180123271864182
"14199",217.962511574074,1,185.4,185.4,28,1
"14201",59.9743171296296,7,747.44,106.777142857143,590,0.0233332253091421
"14204",1.96667824074074,1,161.03,161.03,82,1
"14205",16.0798726851852,2,466.7,233.35,204,0.00803777755450618
"14206",238.841678240741,1,328.16,328.16,276,1
"14208",94.001400462963,1,151.74,151.74,114,1
"14209",10.1055671296296,6,2073.43,345.571666666667,691,0.0185821637037005
"14210",105.009733796296,6,1905.84,317.64,760,0.0224723192525873
"14211",52.9770949074074,9,2241.1,249.011111111111,1242,0.0370526026880291
"14212",89.0034837962963,1,1035.38,1035.38,1152,1
"14214",30.0965393518519,5,1004.38,200.876,751,0.0201677847649193
"14215",11.0215393518519,6,1789.72,298.286666666667,1358,0.0167661184689274
"14216",2.91251157407407,4,1839.3,459.825,594,0.11373284628295
"14217",1.03959490740741,17,2004.98,117.94,689,0.0464564613005152
"14218",42.1180671296296,1,169.48,169.48,160,1
"14219",3.85209490740741,1,89.94,89.94,78,1
"14220",246.977094907407,2,632.4,316.2,272,0.0178898655154207
"14221",41.963900462963,9,3432.8,381.422222222222,2191,0.0302091564512633
"14222",176.838900462963,1,683.17,683.17,607,1
"14223",91.9666782407407,3,991.13,330.376666666667,585,0.0173510699826489
"14224",109.976400462963,4,1050.12,262.53,514,0.0189594675549528
"14226",28.0527893518519,5,2202.69,440.538,1308,0.020675515021336
"14227",25.876400462963,10,3350.96,335.096,1820,0.0385892416410075
"14229",51.1152893518518,3,1547.2,515.733333333333,610,0.0106038031325402
"14231",183.072928240741,3,925.71,308.57,409,0.0283111606265155
"14232",42.070150462963,5,2048.07,409.614,1941,0.0224281598006386
"14233",48.8722337962963,4,1433.22,358.305,680,0.0148625600243581
"14234",21.7895949074074,4,775.46,193.865,963,0.110609697551608
"14235",74.9257060185185,5,3144.86,628.972,1959,0.0268742954828788
"14236",80.1507060185185,2,490.86,245.43,310,0.00683526999316473
"14237",372.979178240741,1,161,161,38,1
"14238",325.923622685185,1,146.85,146.85,111,1
"14239",42.9236226851852,11,2380.85,216.440909090909,993,0.0401464941516392
"14240",29.9618171296296,2,890.34,445.17,418,0.010199564393604
"14241",183.044456018519,1,213.7,213.7,146,1
"14242",234.044456018519,2,280.55,140.275,123,0.0217107792511289
"14243",8.06806712962963,10,2588.77,258.877,1221,0.0279244024371798
"14245",219.173622685185,2,1693.45,846.725,976,0.0445275900987956
"14246",110.041678240741,3,1474.06,491.353333333333,804,0.022035757096585
"14247",277.895150462963,1,136.77,136.77,47,1
"14248",317.920150462963,1,301.08,301.08,102,1
"14250",6.93056712962963,3,1904.05,634.683333333333,1200,0.0361306725992339
"14251",1.17917824074074,5,2879.7,575.94,1674,0.0879915919145504
"14256",259.981261574074,2,969.06,484.53,414,0.0190359104519046
"14257",63.8305671296296,5,3052.62,610.524,1682,0.0195883721246582
"14258",8.8909837962963,9,11715,1301.66666666667,7100,0.0273447143047037
"14259",141.087511574074,1,120,120,68,1
"14261",50.1152893518518,2,1163.45,581.725,406,0.0690366037826306
"14262",7.93959490740741,8,2618.23,327.27875,1645,0.0343231019503388
"14264",154.104178240741,2,333.97,166.985,70,0.0217588395285585
"14265",108.970844907407,2,530.18,265.09,330,0.049773599253396
"14267",162.11181712963,3,1516.24,505.413333333333,530,0.0303219602585789
"14270",331.13681712963,1,492.65,492.65,197,1
"14271",225.002094907407,1,112.32,112.32,88,1
"14272",73.1125115740741,2,437.96,218.98,599,0.0109986213533651
"14273",50.9791782407407,4,559.97,139.9925,264,0.0208336347458731
"14276",98.1284837962963,3,1119.74,373.246666666667,744,0.0156246044117807
"14277",14.9090393518519,3,4216.2,1405.4,1984,0.0151461498276775
"14280",196.092372685185,1,134.04,134.04,52,1
"14282",2.82362268518519,15,3729.34,248.622666666667,2668,0.0410737749651538
"14284",30.1937615740741,2,595.25,297.625,161,0.0352134202257082
"14285",20.9166782407407,4,1910.01,477.5025,541,0.0256257396318079
"14286",23.0944560185185,3,4628.75,1542.91666666667,4338,0.0136304261401284
"14287",7.97570601851852,3,176.63,58.8766666666667,261,0.0157008693629518
"14288",212.977789351852,1,426.6,426.6,188,1
"14289",8.04584490740741,6,911.26,151.876666666667,292,0.021279163413631
"14290",10.9500115740741,5,2314.65,462.93,915,0.014238872914104
"14291",1.10001157407407,11,3883.25,353.022727272727,2749,0.0400297190338281
"14292",7.04167824074074,9,4353.53,483.725555555556,1663,0.0325919666837674
"14293",2.89792824074074,4,1046.56,261.64,709,0.0109227650524615
"14295",39.8750115740741,1,166.2,166.2,84,1
"14297",17.1555671296296,4,1305.33,326.3325,865,0.0155024155239467
"14298",7.9847337962963,44,50627.95,1150.63522727273,58343,0.124642704683741
"14299",7.86459490740741,9,3781.42,420.157777777778,2149,0.0251233389227593
"14300",18.1618171296296,1,43.2,43.2,32,1
"14301",116.88681712963,1,640.14,640.14,606,1
"14304",222.041678240741,1,383.45,383.45,139,1
"14305",70.8895949074074,3,1858.96,619.653333333333,1089,0.0461168935148119
"14306",50.9770949074074,2,2043.82,1021.91,1075,0.0569485090563948
"14307",88.1333449074074,6,2995.72,499.286666666667,2058,0.0209852884384177
"14309",7.97015046296296,9,2352.53,261.392222222222,1633,0.0256396052766941
"14311",242.108344907407,1,310.26,310.26,146,1
"14312",46.1277893518519,6,1611.59,268.598333333333,1012,0.0205679516081805
"14314",106.090983796296,1,120,120,296,1
"14315",44.0305671296296,6,2481.13,413.521666666667,1021,0.0269102710649179
"14317",64.0875115740741,1,508.58,508.58,255,1
"14320",206.14306712963,2,477.79,238.895,325,0.0157469982284627
"14321",10.1270949074074,5,1530.75,306.15,2406,0.0154356718376167
"14323",114.050706018519,2,605.06,302.53,350,0.0160006222464207
"14326",241.906956018519,1,183.85,183.85,103,1
"14327",162.952789351852,1,311.65,311.65,139,1
"14329",16.8750115740741,7,5014.84,716.405714285714,3095,0.022357867840159
"14331",123.981261574074,2,462.66,231.33,252,0.167802831672784
"14332",22.038900462963,3,866.31,288.77,481,0.0237988993009073
"14333",67.0916782407407,1,415.2,415.2,58,1
"14334",16.1173726851852,8,2552.21,319.02625,1731,0.0233451680365741
"14335",15.9645949074074,2,468.26,234.13,379,0.0246841627097725
"14336",16.0486226851852,4,1614.91,403.7275,1759,0.0153382401499739
"14338",160.945844907407,2,588.22,294.11,335,0.0555148617911253
"14339",242.072233796296,1,309.52,309.52,168,1
"14340",218.129178240741,1,134.7,134.7,58,1
"14341",44.876400462963,8,2182.28,272.785,1403,0.029188720789109
"14342",20.9784837962963,4,668.56,167.14,347,0.0210548632713263
"14344",126.957650462963,8,889.93,111.24125,477,0.0330471351977808
"14345",38.1243171296296,1,108.98,108.98,50,1
"14346",120.127094907407,2,1021.58,510.79,605,0.0112467050668749
"14348",259.852094907407,1,409.57,409.57,183,1
"14349",9.88265046296296,1,133.5,133.5,86,1
"14350",273.941678240741,1,282.93,282.93,183,1
"14351",164.037511574074,1,51,51,12,1
"14352",156.881261574074,4,1078.96,269.74,538,0.0341793108359096
"14353",214.863900462963,1,90.6,90.6,64,1
"14354",5.05417824074074,2,163.62,81.81,210,0.0774276803957415
"14355",365.023622685185,1,174.4,174.4,92,1
"14356",79.1472337962963,2,701.23,350.615,277,0.72090112640801
"14357",42.8520949074074,1,225.77,225.77,148,1
"14359",18.9812615740741,3,912.18,304.06,371,0.0433673981568856
"14360",31.151400462963,4,2128.23,532.0575,1151,0.0626127790942888
"14362",21.9041782407407,1,161.2,161.2,100,1
"14364",108.075706018519,8,3712.35,464.04375,1967,0.0769821911858064
"14367",7.97987268518519,16,9247.72,577.9825,4438,0.0594876932252709
"14368",319.123622685185,1,155,155,36,1
"14371",294.843761574074,1,100.5,100.5,34,1
"14373",357.881956018519,1,76.55,76.55,17,1
"14375",184.962511574074,1,257.68,257.68,194,1
"14377",190.970844907407,2,617.05,308.525,219,0.0277793853810984
"14379",43.8382060185185,2,348.1,174.05,292,0.00793432145021764
"14381",51.8194560185185,1,202.68,202.68,146,1
"14382",25.8555671296296,1,626.07,626.07,1237,1
"14383",37.8729282407407,3,1247.69,415.896666666667,817,0.0237656443405309
"14385",8.8847337962963,3,202.11,67.37,159,0.197974428303011
"14386",296.128483796296,1,142.4,142.4,54,1
"14387",32.0145949074074,3,1770.56,590.186666666667,819,0.0384971840022813
"14388",9.97084490740741,8,3212.84,401.605,1941,0.0220322451087268
"14389",64.8979282407407,2,1043.46,521.73,729,0.0158561494882538
"14390",9.95903935185185,9,4652.82,516.98,2136,0.0247880772408728
"14393",217.773622685185,1,67.95,67.95,13,1
"14395",1.92778935185185,9,3507.71,389.745555555556,1693,0.0242687994247396
"14396",64.8618171296296,2,487.99,243.995,225,0.00651392124488273
"14397",2.14445601851852,19,2612.96,137.524210526316,1890,0.0896763979980137
"14400",148.875011574074,1,574.7,574.7,454,1
"14401",3.9722337962963,13,4051.48,311.652307692308,4507,0.036498129275906
"14403",129.995150462963,4,1432.01,358.0025,519,0.0339154704005087
"14404",33.013900462963,6,1474.32,245.72,839,0.0178118622054549
"14406",118.83056712963,1,156.75,156.75,77,1
"14407",106.950011574074,6,2147.73,357.955,1415,0.0352763929888169
"14408",10.0479282407407,7,2606.53,372.361428571429,1616,0.0274644433545856
"14409",70.7722337962963,6,1905.55,317.591666666667,1230,0.0201250829810279
"14410",91.9041782407407,9,1105.07,122.785555555556,571,0.0420108138946877
"14411",310.079178240741,1,1063,1063,196,1
"14412",42.0868171296296,2,770.03,385.015,786,0.064347476372411
"14413",361.967372685185,1,122.7,122.7,68,1
"14414",91.0284837962963,7,1496.98,213.854285714286,2512,0.0261154780842431
"14415",0.925011574074074,13,5900.28,453.867692307692,3011,0.0361064445760289
"14416",21.8944560185185,2,477.92,238.96,326,0.0952003173343911
"14418",3.04931712962963,3,1937.25,645.75,1711,0.0283648826993913
"14419",10.0611226851852,6,1058.06,176.343333333333,487,0.0169005488766221
"14420",98.7798726851852,1,387.52,387.52,334,1
"14421",56.976400462963,2,813.11,406.555,365,0.0128942714512771
"14422",0.0583449074074074,6,4263.64,710.606666666667,2906,0.0224089635854342
"14423",217.901400462963,1,265.2,265.2,120,1
"14424",17.0430671296296,1,202.5,202.5,48,1
"14426",23.0173726851852,10,4432.17,443.217,2699,0.034470046965439
"14427",49.9354282407407,2,363.34,181.67,228,0.140673081619694
"14428",6.98126157407407,5,1244.83,248.966,436,0.0156808767352415
"14431",302.090289351852,1,470.36,470.36,130,1
"14432",9.19862268518519,6,2255.51,375.918333333333,2070,0.0743066007310256
"14434",21.1625115740741,6,1372.8,228.8,368,0.115996509364302
"14436",98.1090393518518,1,89.06,89.06,129,1
"14437",365.140983796296,1,63,63,60,1
"14438",305.912511574074,1,131.9,131.9,82,1
"14439",319.04931712963,1,2661.24,2661.24,526,1
"14440",7.88056712962963,5,2357.68,471.536,588,0.0139617950990221
"14441",0.154872685185185,4,1712.89,428.2225,446,0.0156323785641009
"14442",204.051400462963,2,1589.82,794.91,482,0.0176857463937658
"14443",53.1111226851852,4,1420.2,355.05,938,0.0126597023651225
"14446",0.0527893518518519,4,1039.58,259.895,933,0.016195971252151
"14447",18.1819560185185,5,1163.23,232.646,571,0.0190184875547772
"14448",8.95834490740741,2,340.25,170.125,104,0.00562034565125755
"14449",18.0305671296296,4,907.1,226.775,757,0.0112703173885735
"14450",180.086122685185,3,483.25,161.083333333333,241,0.0212836190035128
"14451",59.9666782407407,2,662.59,331.295,389,0.0148100152728283
"14452",10.0305671296296,2,264.44,132.22,119,0.0238028331983404
"14453",189.940983796296,1,119.93,119.93,49,1
"14456",4.95209490740741,9,3062.4,340.266666666667,2908,0.0652000020123457
"14457",310.132650462963,1,113.64,113.64,88,1
"14459",154.968761574074,1,1837.92,1837.92,760,1
"14460",109.938206018519,3,434.34,144.78,881,0.0149179512680259
"14461",147.818761574074,3,2103.06,701.02,766,0.0262684243809894
"14462",65.8715393518519,11,2004.02,182.183636363636,964,0.0401266624445852
"14463",97.8958449074074,3,529.62,176.54,179,0.027770992170123
"14465",246.008344907407,3,1058.62,352.873333333333,405,0.0526155532549784
"14466",28.9465393518519,7,2272.4,324.628571428571,1006,0.0203475638435095
"14467",17.001400462963,4,598.76,149.69,278,0.0135131013740666
"14470",11.0965393518519,2,461.19,230.595,193,0.00722175553855991
"14472",103.075706018519,8,1936.84,242.105,1160,0.0316363576446292
"14473",73.9027893518519,2,234.34,117.17,88,0.00956702565158753
"14474",45.9750115740741,1,547.66,547.66,140,1
"14475",71.0861226851852,3,925.85,308.616666666667,447,0.0128192193332819
"14476",256.882650462963,1,215.7,215.7,132,1
"14477",19.0687615740741,4,1309.6,327.4,720,0.0143466662681482
"14479",253.154872685185,2,316.25,158.125,117,0.0177243858007976
"14480",10.8437615740741,1,279.05,279.05,143,1
"14481",164.091678240741,2,636.51,318.255,489,0.0161466655453704
"14482",17.9833449074074,6,2068.15,344.691666666667,1646,0.0270445389751247
"14483",281.100011574074,1,137.1,137.1,97,1
"14484",49.9437615740741,1,321.92,321.92,210,1
"14485",38.0173726851852,1,165.75,165.75,71,1
"14487",26.0229282407407,6,1196.33,199.388333333333,735,0.0174950137186016
"14488",67.138900462963,1,1064.28,1064.28,799,1
"14489",206.915983796296,1,463.38,463.38,299,1
"14491",174.894456018519,2,340.93,170.465,139,0.0100942126514132
"14493",6.85834490740741,5,2383.24,476.648,1285,0.0335640864275226
"14494",25.145150462963,1,139.56,139.56,92,1
"14495",50.0152893518519,2,123.8,61.9,62,0.0278059377262853
"14496",311.159039351852,2,538.81,269.405,159,0.0318845072293692
"14497",308.825706018519,1,475.37,475.37,235,1
"14498",42.0284837962963,5,1957.32,391.464,1098,0.0156236437809218
"14499",25.9923726851852,3,815.32,271.773333333333,501,0.0118555597635474
"14500",87.8368171296296,3,356.85,118.95,117,0.0293324823292164
"14501",183.033344907407,2,251.21,125.605,161,0.014592696558049
"14502",19.0416782407407,11,2470.67,224.606363636364,1498,0.037309390000895
"14503",2.9722337962963,6,3543.26,590.543333333333,2004,0.0340626848018924
"14504",46.8680671296296,4,673.26,168.315,308,0.0172371484489559
"14505",16.8784837962963,8,5905.64,738.205,2759,0.023122733139172
"14506",16.9916782407407,5,2012.17,402.434,730,0.0141666191166719
"14507",23.020150462963,6,1348.08,224.68,600,0.0236415675672718
"14508",21.7097337962963,2,276.42,138.21,131,0.029262642375964
"14511",10.8229282407407,5,1314.81,262.962,784,0.0405835005523865
"14512",187.007650462963,2,275.28,137.64,122,0.0437331065690771
"14513",100.059039351852,3,455.59,151.863333333333,361,0.0158666612798372
"14514",60.8645949074074,3,1055.35,351.783333333333,589,0.0110688910354794
"14515",17.0507060185185,6,2102.09,350.348333333333,1134,0.0297066468622354
"14517",32.9375115740741,2,330.45,165.225,91,0.0183301722272432
"14518",63.9215393518519,1,174.37,174.37,278,1
"14520",1.12778935185185,2,270.6,135.3,146,0.00689603980547421
"14522",23.976400462963,4,974.54,243.635,525,0.0228713920974575
"14523",107.984039351852,1,241.09,241.09,251,1
"14524",31.0145949074074,9,1867.68,207.52,676,0.0272676777027823
"14525",19.0507060185185,9,4289.9,476.655555555556,2696,0.0262583652951939
"14527",2.02153935185185,55,8508.82,154.705818181818,2089,0.149472881618233
"14528",36.820150462963,1,364.22,364.22,278,1
"14529",59.8909837962963,3,620.04,206.68,348,0.0587619190119292
"14530",25.0916782407407,6,2925.91,487.651666666667,1410,0.0220593304074083
"14532",235.989594907407,4,932.85,233.2125,284,0.0341967619940987
"14533",24.0312615740741,7,1949.72,278.531428571429,4019,0.021273991279352
"14534",2.02153935185185,18,4447.05,247.058333333333,2047,0.0567840759224126
"14535",59.882650462963,3,2864.19,954.73,1831,0.0158631655093655
"14536",259.020150462963,1,171.8,171.8,40,1
"14537",57.0805671296296,1,355.56,355.56,120,1
"14538",64.0965393518518,2,388.25,194.125,155,0.0103726220403812
"14539",15.1250115740741,2,537.48,268.74,428,0.0668725474261035
"14540",9.10765046296296,3,996.26,332.086666666667,421,0.00997338123018887
"14541",58.1125115740741,8,1461.65,182.70625,647,0.0305544356977657
"14542",185.188206018519,1,103.25,103.25,19,1
"14543",28.0034837962963,16,3469.93,216.870625,679,0.0474724622631013
"14544",23.9055671296296,2,2024.45,1012.225,1543,0.00591550684391278
"14546",4.99306712962963,5,2578.09,515.618,1317,0.0204904619745406
"14547",3.0722337962963,8,4007.54,500.9425,2668,0.154276760723708
"14548",150.021539351852,2,568.2,284.1,256,0.0118938965313598
"14549",310.960428240741,1,289.24,289.24,136,1
"14550",10.026400462963,2,765.62,382.81,394,0.0571451248065399
"14551",17.9680671296296,2,186.23,93.115,106,0.0107065187085262
"14552",151.000706018519,1,165.07,165.07,91,1
"14553",18.9791782407407,5,859.27,171.854,493,0.0155810430642718
"14554",9.83751157407407,4,2381.04,595.26,1478,0.0926939169616994
"14555",56.851400462963,2,324.14,162.07,130,0.00813134378926267
"14557",84.876400462963,1,788.38,788.38,510,1
"14560",6.89445601851852,22,2237.77,101.716818181818,1260,0.0626334519572954
"14561",75.007650462963,3,1080.76,360.253333333333,1014,0.0272808219610617
"14562",3.07292824074074,18,5074.77,281.931666666667,1834,0.0596328164542401
"14565",95.1548726851852,4,3099.12,774.78,1540,0.014991333135531
"14566",110.072928240741,1,810,810,800,1
"14567",56.1034837962963,2,1530.36,765.18,412,0.0267178759288637
"14569",0.911122685185185,1,227.39,227.39,79,1
"14570",280.077789351852,2,218.06,109.03,95,1.97395476353667
"14572",2.92362268518518,7,2832.84,404.691428571429,1428,0.0217467751991836
"14573",179.065983796296,9,1653.42,183.713333333333,544,0.0464789338535914
"14576",371.790983796296,1,35.4,35.4,12,1
"14577",12.0020949074074,4,859.71,214.9275,353,0.0113941854047606
"14578",2.81390046296296,1,168.63,168.63,240,1
"14581",16.007650462963,1,138.6,138.6,217,1
"14582",40.0375115740741,1,114.11,114.11,73,1
"14583",5.01251157407407,5,1052.55,210.51,792,0.0248701226926053
"14584",168.76181712963,4,1042.26,260.565,383,0.133142249549258
"14585",49.9284837962963,1,157.05,157.05,91,1
"14586",276.115289351852,1,237.36,237.36,444,1
"14587",18.0527893518519,9,1601.14,177.904444444444,761,0.0286688876206151
"14589",371.047233796296,1,39.75,39.75,5,1
"14591",14.9534837962963,4,1447.14,361.785,1297,0.0201013442773985
"14592",34.8437615740741,3,570.46,190.153333333333,415,0.100215742222841
"14593",21.001400462963,3,617.99,205.996666666667,332,0.0168477540227913
"14594",6.97362268518518,2,379.83,189.915,185,0.0054498594011967
"14595",19.026400462963,6,1740.6,290.1,978,0.0203430056790891
"14597",10.9840393518519,2,883.15,441.575,577,0.0110480282338499
"14598",43.9798726851852,1,221.97,221.97,189,1
"14600",305.126400462963,1,393.33,393.33,125,1
"14601",10.126400462963,1,213.96,213.96,168,1
"14603",274.09931712963,1,352.5,352.5,400,1
"14606",0.723622685185185,93,12156.65,130.716666666667,6224,0.249259684591203
"14607",15.0937615740741,14,11202.3,800.164285714286,11766,0.0567259343881281
"14608",3.83195601851852,4,1782.15,445.5375,437,0.0111394108876138
"14609",71.9972337962963,4,601.56,150.39,7026,0.0177753638394786
"14616",242.122233796296,3,370.98,123.66,104,0.0395343729409181
"14618",8.96181712962963,3,553.44,184.48,264,0.00911650128939405
"14619",245.217372685185,1,394.44,394.44,152,1
"14620",205.036122685185,2,412.78,206.39,214,0.0252702512986101
"14621",0.852789351851852,5,1788.36,357.672,993,0.0139610100015124
"14622",184.00556712963,1,320.58,320.58,146,1
"14623",31.9541782407407,5,889.25,177.85,419,0.0245096370531246
"14624",56.9625115740741,2,225.85,112.925,162,0.675263774912075
"14625",195.887511574074,2,899.63,449.815,335,0.0120483943841095
"14626",23.0923726851852,4,2791.27,697.8175,1403,0.0189673964943246
"14628",90.9111226851852,2,671.96,335.98,272,0.0131569930788734
"14629",3.82987268518518,2,959.01,479.505,380,0.045424434560424
"14631",50.0645949074074,3,1006.98,335.66,622,0.0120446320532194
"14632",262.167372685185,1,114.56,114.56,96,1
"14633",265.821539351852,1,344.9,344.9,96,1
"14636",35.8597337962963,2,609.85,304.925,241,0.00857398035129503
"14638",50.1111226851852,1,443.6,443.6,166,1
"14639",51.9055671296296,6,2984.49,497.415,1431,0.0193515440919557
"14640",23.9882060185185,6,2125.08,354.18,886,0.0294081607646122
"14641",21.088900462963,1,110.46,110.46,90,1
"14642",58.0708449074074,1,96.12,96.12,76,1
"14643",169.922928240741,2,693.81,346.905,815,0.0105894811154253
"14644",67.1805671296296,2,830.76,415.38,258,0.00862957547282882
"14645",156.14931712963,2,597.09,298.545,381,0.0166702361037954
"14646",1.02640046296296,73,227873.78,3121.55863013699,196915,0.206164943722383
"14647",200.965289351852,1,243.22,243.22,95,1
"14649",4.01390046296296,4,1417.29,354.3225,1018,0.0191468356197625
"14651",66.8736226851852,2,654.6,327.3,344,0.0137955480616776
"14652",76.9368171296296,1,114.18,114.18,53,1
"14653",0.96181712962963,7,1947.55,278.221428571429,950,0.0207098464225178
"14655",7.84862268518518,4,1932.23,483.0575,1089,0.0185993044635102
"14656",168.957650462963,2,291.05,145.525,120,0.0173879443585781
"14657",17.0020949074074,4,848.22,212.055,466,0.0129076208744913
"14658",4.88542824074074,2,247.15,123.575,47,0.0176998764696121
"14659",8.02292824074074,9,2529.93,281.103333333333,1195,0.0292224922997831
"14660",86.0527893518519,2,285.74,142.87,228,0.133000831255195
"14661",26.0409837962963,1,107.95,107.95,35,1
"14662",28.0257060185185,4,771.17,192.7925,602,0.0138517478212355
"14664",19.0770949074074,2,637.89,318.945,466,0.134812526330572
"14665",60.1500115740741,5,1835.7,367.14,740,0.0199199880480072
"14666",23.995150462963,1,195.25,195.25,161,1
"14667",10.0555671296296,25,9241.2,369.648,5385,0.0696517605449863
"14669",241.046539351852,3,1269.99,423.33,775,0.0326202683621152
"14670",279.942372685185,2,411.53,205.765,337,1.97938144329897
"14672",234.104872685185,2,765.55,382.775,454,0.0194606428769317
"14673",2.92987268518519,5,1736.4,347.28,1004,0.0136959722428296
"14675",15.9944560185185,1,604.75,604.75,341,1
"14676",30.9729282407407,6,2548.24,424.706666666667,2500,0.0237191260160928
"14680",24.8270949074074,16,24925.43,1557.839375,13476,0.0460823962846068
"14681",70.8736226851852,3,361.45,120.483333333333,76,0.0212444737320934
"14682",187.026400462963,2,52,26,80,0.133574509531098
"14684",25.0534837962963,5,1236.28,247.256,853,0.0147950576288043
"14687",106.035428240741,1,628.38,628.38,470,1
"14688",7.01667824074074,21,5630.87,268.136666666667,3621,0.0572024159697644
"14689",208.061122685185,1,112.8,112.8,76,1
"14690",43.882650462963,2,371.7,185.85,170,0.0184922403220732
"14691",30.013900462963,5,2114.33,422.866,707,0.0273063430359344
"14692",136.904178240741,4,591.55,147.8875,265,0.0214988746682791
"14693",264.000011574074,1,172.9,172.9,34,1
"14696",3.96320601851852,7,2078.95,296.992857142857,1630,0.0189229677521091
"14697",217.882650462963,2,188.61,94.305,181,1.98620689655172
"14698",1.01667824074074,5,1250.76,250.152,615,0.0980766087288182
"14699",213.913900462963,1,109.13,109.13,77,1
"14700",31.9236226851852,3,2235.3,745.1,1342,0.0144886706644665
"14701",10.0083449074074,9,2428.32,269.813333333333,932,0.029316093540054
"14702",0.722928240740741,17,3292.14,193.655294117647,1454,0.0465748107898312
"14703",14.1437615740741,1,318.17,318.17,183,1
"14704",10.9993171296296,9,1546.91,171.878888888889,1082,0.0529558864390435
"14705",198.007650462963,1,179,179,100,1
"14708",2.18681712962963,3,1126.37,375.456666666667,621,0.00817813182694164
"14709",14.8812615740741,13,4921.04,378.541538461538,2484,0.0377816976737615
"14710",13.9145949074074,4,606.13,151.5325,378,0.0868725868725869
"14711",9.91112268518519,11,2868.8,260.8,978,0.0434679999780465
"14712",28.9937615740741,3,917.07,305.69,315,0.0357243272745315
"14713",8.85001157407407,11,2666.36,242.396363636364,1615,0.0308214380224467
"14714",23.9882060185185,1,160.19,160.19,229,1
"14715",24.0277893518519,4,867.38,216.845,521,0.0129892680682748
"14716",42.8062615740741,2,329.68,164.84,604,0.0188325148600313
"14719",1.00487268518519,5,1602.13,320.426,1032,0.0200855869175877
"14720",5.03334490740741,3,663.81,221.27,219,0.0245907238325098
"14722",146.911122685185,1,187.92,187.92,120,1
"14723",9.89376157407407,6,1158.3,193.05,695,0.01657251915718
"14725",24.0055671296296,1,718.08,718.08,593,1
"14727",273.920150462963,1,268.58,268.58,62,1
"14729",373.004872685185,1,313.49,313.49,197,1
"14730",0.92431712962963,8,2005.06,250.6325,1132,0.0289774871085398
"14731",46.8722337962963,3,380.02,126.673333333333,256,0.0180595966690077
"14732",7.92778935185185,8,2702.49,337.81125,1405,0.0240966879604413
"14733",15.882650462963,12,9584.41,798.700833333333,3764,0.0340741704773342
"14735",3.0284837962963,32,6065.69,189.5528125,2264,0.0899290403665857
"14737",3.10695601851852,3,1164.55,388.183333333333,345,0.00855061190316432
"14738",42.1625115740741,7,1314.45,187.778571428571,601,0.0254747451261859
"14739",3.83056712962963,7,3902.28,557.468571428571,3820,0.0192265142787387
"14740",196.772928240741,3,1448.21,482.736666666667,735,0.0343233064785241
"14741",11.1680671296296,6,1400.34,233.39,841,0.0165744266572029
"14744",15.9993171296296,7,1099.98,157.14,627,0.0199371031863763
"14745",112.114594907407,5,1220.26,244.052,1038,0.028772378516624
"14747",248.945150462963,1,328.2,328.2,84,1
"14748",28.7618171296296,5,1415.75,283.15,1223,0.0146910592661816
"14752",43.0382060185185,1,383.34,383.34,260,1
"14753",86.9166782407407,1,563.15,563.15,211,1
"14754",44.0340393518519,2,638.05,319.025,486,0.00793694537838285
"14755",9.0597337962963,11,5010.28,455.48,2219,0.0337536918100417
"14756",14.7757060185185,1,738.96,738.96,416,1
"14757",74.926400462963,1,420.5,420.5,160,1
"14758",144.18681712963,4,1484.06,371.015,419,0.0345300969360534
"14759",4.03265046296296,3,1625.97,541.99,569,0.013097735789563
"14760",296.84931712963,1,89.2,89.2,40,1
"14761",58.0277893518519,2,255.9,127.95,118,0.00722008990014716
"14762",263.187511574074,1,300.52,300.52,341,1
"14764",46.038900462963,1,278.3,278.3,190,1
"14765",28.7062615740741,3,254.11,84.7033333333333,135,0.0202698898293951
"14766",7.86459490740741,6,2473.37,412.228333333333,1349,0.0167120574399604
"14768",16.9972337962963,2,192.6,96.3,52,0.0180215131813602
"14769",2.10140046296296,8,10674.75,1334.34375,7436,0.0224752421161065
"14770",231.93681712963,2,876.42,438.21,490,0.0217455319727275
"14772",111.906956018519,1,139.26,139.26,82,1
"14775",57.8909837962963,3,1011.9,337.3,1174,0.0095253004769265
"14776",50.8861226851852,11,2538.3,230.754545454545,3134,0.0419694926301677
"14778",126.893761574074,2,730.86,365.43,306,0.0109797941288601
"14779",280.00556712963,3,386.15,128.716666666667,84,0.0681409508186378
"14780",54.0027893518519,2,447.68,223.84,310,0.0772304309350782
"14782",319.06806712963,1,200.1,200.1,114,1
"14784",25.9722337962963,2,289.99,144.995,237,0.0067075797980739
"14785",9.9784837962963,2,77.4,38.7,84,0.334067973552952
"14788",6.8222337962963,2,679.44,339.72,421,0.0997437140680197
"14789",28.1604282407407,1,197.64,197.64,116,1
"14790",16.1402893518519,4,745.06,186.265,699,0.0168136400655031
"14792",63.1465393518518,1,6.2,6.2,2,1
"14793",20.9166782407407,1,228.99,228.99,91,1
"14794",2.11042824074074,7,1319.91,188.558571428571,673,0.0210368144252442
"14795",165.990289351852,1,131.45,131.45,17,1
"14796",0.888206018518519,17,8022.49,471.911176470588,6025,0.0464224557251518
"14798",52.0777893518519,3,173.74,57.9133333333333,150,0.0115913408390843
"14799",50.8569560185185,1,157.7,157.7,146,1
"14800",47.0027893518519,12,4339.74,361.645,3655,0.0371440363186133
"14801",60.8930671296296,1,193.14,193.14,175,1
"14803",161.952789351852,3,845.55,281.85,370,0.0228962724656423
"14804",8.06251157407407,1,353.27,353.27,121,1
"14805",14.8541782407407,4,554.65,138.6625,115,0.0133674636862174
"14806",74.8875115740741,1,193.39,193.39,330,1
"14808",39.020150462963,8,2741.17,342.64625,2147,0.0597113949245314
"14810",40.0632060185185,11,2087.88,189.807272727273,1016,0.0333367708370602
"14813",369.03681712963,2,155.43,77.715,67,1.995841995842
"14815",36.051400462963,2,778.5,389.25,744,0.0625
"14816",196.981956018519,1,271.85,271.85,5,1
"14817",199.968761574074,2,1110.34,555.17,655,0.0256446787291637
"14818",73.0757060185185,3,657.8,219.266666666667,324,0.0165801199755904
"14819",63.9645949074074,2,272.07,136.035,109,0.0155046271621687
"14820",20.8812615740741,4,507.29,126.8225,253,0.0261384521135389
"14821",366.171539351852,1,48.8,48.8,20,1
"14823",179.984733796296,3,321.43,107.143333333333,88,0.199778024417314
"14824",9.93751157407407,4,1127.71,281.9275,525,0.048777183117675
"14825",3.05001157407407,12,2226.91,185.575833333333,991,0.0327901204581508
"14828",196.106956018519,3,1870.16,623.386666666667,2172,0.0212738715491515
"14829",28.8569560185185,4,697.55,174.3875,452,0.0116278130829047
"14830",52.9312615740741,1,197.13,197.13,169,1
"14834",17.0972337962963,6,1720.3,286.716666666667,734,0.0268081541468863
"14836",9.83681712962963,3,102.45,34.15,45,0.141923190643582
"14837",89.0777893518518,4,1649.5,412.375,1436,0.0354223935944505
"14840",267.034733796296,1,62.85,62.85,31,1
"14841",52.907650462963,6,3295.76,549.293333333333,1778,0.0195956136670333
"14842",43.0090393518519,4,2732.19,683.0475,1166,0.0150444673710054
"14844",63.0895949074074,4,3034.31,758.5775,1833,0.0223592936637022
"14847",148.081956018519,1,309.4,309.4,120,1
"14849",21.0777893518519,25,7930.54,317.2216,5694,0.0708332349538403
"14850",311.06181712963,1,325.75,325.75,293,1
"14851",22.9375115740741,2,511.35,255.675,325,0.00854799789861718
"14852",57.9791782407407,6,2836.69,472.781666666667,1747,0.030769449924857
"14853",23.8291782407407,2,475.8,237.9,82,0.0106344089594895
"14854",77.826400462963,7,2759.83,394.261428571429,1832,0.0354982074813881
"14855",118.950011574074,2,645.65,322.825,267,0.124373812402833
"14856",35.9145949074074,3,1311.38,437.126666666667,714,0.141370508541135
"14857",59.1437615740741,2,1173.12,586.56,464,0.0222806746093146
"14859",12.063900462963,4,1353.74,338.435,671,0.0207406127122672
"14860",18.9395949074074,1,170.32,170.32,232,1
"14861",51.9972337962963,1,125.79,125.79,117,1
"14862",25.1173726851852,2,841.2,420.6,772,0.0161361713571753
"14863",28.9069560185185,1,266.76,266.76,132,1
"14865",6.85070601851852,2,52.2,26.1,108,0.00546570460144006
"14866",10.045150462963,12,11143.88,928.656666666667,6752,0.0336260695444718
"14867",185.04931712963,3,710.28,236.76,328,0.0197634787382483
"14868",2.91737268518519,8,2953.59,369.19875,1405,0.0346244360755366
"14869",8.0097337962963,2,725.7,362.85,550,0.0208654828403139
"14870",261.082650462963,1,327.25,327.25,119,1
"14871",2.96390046296296,4,522.38,130.595,185,0.0111713640701003
"14873",209.956956018519,1,519.68,519.68,168,1
"14875",107.020844907407,2,1430.22,715.11,558,0.0128189720786764
"14878",12.0659837962963,9,1485.54,165.06,802,0.0259395065088947
"14880",76.963900462963,3,706.19,235.396666666667,373,0.0141474677015277
"14881",19.0722337962963,1,255.4,255.4,316,1
"14882",26.0020949074074,2,589.7,294.85,158,0.246744345442084
"14883",18.1020949074074,6,761.59,126.931666666667,790,0.0309240713830648
"14885",131.031261574074,1,765.32,765.32,724,1
"14886",252.162511574074,1,364.8,364.8,160,1
"14887",78.8875115740741,1,1084.5,1084.5,1100,1
"14888",206.911122685185,1,369.2,369.2,184,1
"14889",335.896539351852,1,135.9,135.9,90,1
"14890",253.03681712963,1,125.65,125.65,51,1
"14891",147.779178240741,2,554.38,277.19,505,0.0496295019817336
"14893",9.01320601851852,2,1237.85,618.925,799,0.651289009497965
"14894",84.957650462963,1,655.75,655.75,265,1
"14895",7.14376157407407,20,11138.71,556.9355,4851,0.070461301332159
"14896",204.104178240741,2,468.77,234.385,279,0.0123522448489423
"14897",7.09584490740741,4,1366.38,341.595,468,0.0137893061058377
"14898",22.913900462963,6,1303.52,217.253333333333,1020,0.0171930376157396
"14901",10.820150462963,9,1421.29,157.921111111111,661,0.024845244417009
"14902",25.0944560185185,1,332.66,332.66,218,1
"14903",20.8632060185185,5,2810.63,562.126,1536,0.0193664481665084
"14904",1.99653935185185,2,1025.44,512.72,1985,0.082801449025358
"14905",157.006261574074,2,616.15,308.075,287,0.0259475822799636
"14907",2.94167824074074,7,3501.1,500.157142857143,1691,0.0191693290734824
"14908",73.9958449074074,1,277.8,277.8,132,1
"14910",2.11390046296296,4,434.35,108.5875,238,0.0755310778914241
"14911",0.872233796296296,201,136953.04,681.358407960199,80265,0.538764660880183
"14912",16.1458449074074,2,867.85,433.925,971,0.00866076852291796
"14913",35.1812615740741,4,1227.43,306.8575,1743,0.0123173250875685
"14915",90.9694560185185,2,307.48,153.74,112,0.010685861640354
"14916",70.1458449074074,4,1268.98,317.245,1136,0.0157020963389036
"14918",115.041678240741,2,1610.15,805.075,675,0.0500521376433785
"14920",212.095844907407,2,977.77,488.885,509,1.99861207494795
"14921",29.9812615740741,2,1316.07,658.035,953,0.0116266864750955
"14923",50.0409837962963,1,749.1,749.1,418,1
"14924",245.142372685185,1,310.05,310.05,64,1
"14929",31.8118171296296,1,223.88,223.88,136,1
"14930",108.096539351852,3,2372.86,790.953333333333,1166,0.0179828413721907
"14931",4.10487268518519,5,1167.18,233.436,417,0.0210941413952017
"14932",365.04306712963,1,363.53,363.53,80,1
"14934",81.1111226851852,2,1890.94,945.47,1042,0.00990432695283752
"14935",296.920844907407,1,1517.16,1517.16,935,1
"14936",33.0972337962963,8,8076.72,1009.59,4085,0.0329296215094458
"14937",56.0145949074074,3,1611.98,537.326666666667,484,0.040039668931256
"14944",29.1527893518519,12,5900.25,491.6875,2815,0.0448013108531694
"14946",13.970150462963,1,100.9,100.9,22,1
"14947",71.876400462963,2,290.82,145.41,179,0.0337485498669979
"14948",22.8152893518519,6,1101.97,183.661666666667,673,0.030441400304414
"14950",18.9597337962963,1,371.2,371.2,136,1
"14951",78.8993171296296,1,311.69,311.69,311,1
"14952",59.095150462963,11,7854.39,714.035454545455,3355,0.0359587291858208
"14953",24.9104282407407,1,289.82,289.82,225,1
"14954",11.9305671296296,1,336.17,336.17,127,1
"14957",252.785428240741,1,58.49,58.49,34,1
"14958",146.937511574074,3,499.68,166.56,129,0.030266513465796
"14959",63.7687615740741,4,695.42,173.855,494,0.0171508710915517
"14960",7.9972337962963,2,221.27,110.635,221,0.012197394501008
"14961",10.1305671296296,9,7044.68,782.742222222222,3708,0.0256469116843847
"14962",270.13056712963,1,126.7,126.7,44,1
"14963",9.02362268518518,5,1487.8,297.56,1176,0.0285730159612042
"14964",246.942372685185,1,206.21,206.21,143,1
"14965",95.9791782407407,2,599,299.5,365,1.99307958477509
"14966",14.0208449074074,1,191.32,191.32,187,1
"14967",49.0722337962963,1,462.3,462.3,140,1
"14968",29.9527893518519,1,147.59,147.59,127,1
"14970",67.9625115740741,4,1592.06,398.015,250,0.0160606288739993
"14971",34.8215393518519,3,1116.57,372.19,644,0.327918627599818
"14972",127.913900462963,1,114.77,114.77,28,1
"14973",106.87431712963,3,1134.45,378.15,369,0.0251793738962167
"14974",36.9923726851852,1,114.39,114.39,44,1
"14975",56.9458449074074,1,279.94,279.94,380,1
"14976",56.8423726851852,7,790.86,112.98,234,0.0259040726958739
"14978",71.9882060185185,5,1931.42,386.284,525,0.0193017071287638
"14981",245.96181712963,1,102.12,102.12,97,1
"14984",18.9319560185185,2,213.27,106.635,60,0.0123348923266691
"14985",197.931261574074,2,296.75,148.375,260,0.0124396375227844
"14987",15.1187615740741,2,326.4,163.2,128,0.0056995167284774
"14988",211.031261574074,1,334.54,334.54,141,1
"14995",38.0493171296296,2,233.23,116.615,103,0.00823268777245766
"14997",45.9736226851852,3,546.2,182.066666666667,1120,0.0225804428275732
"14998",169.80556712963,2,429.87,214.935,270,0.0277611767654373
"15000",47.0472337962963,1,490.52,490.52,218,1
"15002",115.087511574074,4,1641.76,410.44,862,0.0158168757276861
"15004",146.947928240741,1,1246.32,1246.32,630,1
"15005",15.0173726851852,28,6316.57,225.591785714286,4247,0.0795660178905138
"15006",50.9041782407407,1,502.09,502.09,302,1
"15007",158.86806712963,1,156.91,156.91,69,1
"15009",11.9687615740741,3,1261.78,420.593333333333,642,0.216921918152147
"15010",35.0055671296296,1,308.94,308.94,184,1
"15012",53.0194560185185,2,423.04,211.52,231,0.00623089354907802
"15014",42.6965393518519,2,260.17,130.085,151,0.014923284988108
"15016",172.03056712963,1,170.04,170.04,76,1
"15017",33.095150462963,1,125.58,125.58,63,1
"15018",38.0020949074074,3,496.21,165.403333333333,189,0.00908861398636708
"15019",266.010428240741,1,266,266,159,1
"15021",8.03959490740741,9,1914.82,212.757777777778,847,0.0250708018013835
"15022",11.0104282407407,4,905.04,226.26,543,0.108499095840868
"15023",2.81042824074074,11,6755.26,614.114545454545,2871,0.0299606199427268
"15024",9.03056712962963,10,1661.33,166.133,920,0.027859141087203
"15025",32.8958449074074,1,377.01,377.01,189,1
"15026",79.9569560185185,3,469,156.333333333333,285,0.0151511431747958
"15027",30.1069560185185,4,1066.15,266.5375,565,0.0191539029402571
"15028",7.9472337962963,4,627.13,156.7825,459,0.011078648789523
"15030",71.0833449074074,2,518.28,259.14,372,0.0101110814644216
"15031",3.93820601851852,4,668.14,167.035,401,0.0143378811300043
"15032",255.907650462963,3,4449.1,1483.03333333333,2968,0.0270057387194779
"15033",4.00695601851852,10,2586.67,258.667,1695,0.0306779834338889
"15034",15.0270949074074,8,4308.61,538.57625,2422,0.0235918608080212
"15035",89.0708449074074,1,252.73,252.73,245,1
"15036",71.8805671296296,3,465.55,155.183333333333,327,0.0277415667563558
"15038",58.0534837962963,6,705.49,117.581666666667,217,0.0192291000380576
"15039",9.05487268518518,47,19747.44,420.15829787234,9209,0.130554296351308
"15041",169.856956018519,1,180.35,180.35,104,1
"15042",198.850706018519,1,135.93,135.93,30,1
"15043",30.9333449074074,1,537,537,300,1
"15044",18.9791782407407,17,7700.23,452.954705882353,2795,0.0494252896770195
"15045",151.053483796296,2,735.66,367.83,114,0.0186929233005991
"15046",8.87501157407407,15,5184.27,345.618,3451,0.0454526324649636
"15047",269.084039351852,1,343.62,343.62,222,1
"15048",64.9132060185185,4,384.05,96.0125,195,0.0131530873218853
"15049",273.025706018519,1,121.17,121.17,63,1
"15050",24.8562615740741,3,1782.09,594.03,1224,0.0636651683737381
"15051",22.8833449074074,3,1391.61,463.87,1011,0.0234363556466969
"15052",318.873622685185,1,215.78,215.78,82,1
"15053",4.02917824074074,3,697.79,232.596666666667,986,0.0107913129930406
"15054",11.9083449074074,2,302.1,151.05,198,0.068917657756826
"15057",274.897928240741,2,1422.9,711.45,668,0.0484783194182602
"15058",24.9118171296296,11,2124.99,193.180909090909,1069,0.0381979444489995
"15059",40.0520949074074,9,1337.72,148.635555555556,604,0.0305098391877226
"15060",7.96042824074074,4,303.09,75.7725,263,2.01117318435754
"15061",3.03056712962963,48,37362.72,778.39,28920,0.129776739697375
"15062",70.832650462963,4,987.86,246.965,763,0.0138383697631621
"15063",212.975706018519,1,318.1,318.1,56,1
"15065",37.1284837962963,4,3110.63,777.6575,1383,0.0156943524853479
"15066",52.9757060185185,1,893.59,893.59,317,1
"15067",77.9791782407407,3,1744.76,581.586666666667,954,0.0146306770074847
"15068",45.9187615740741,2,553.36,276.68,364,0.00947804910155993
"15069",178.940289351852,1,1109.53,1109.53,520,1
"15070",372.060428240741,1,106.2,106.2,36,1
"15071",93.0465393518518,2,982.07,491.035,269,0.0109254791277826
"15073",9.08751157407407,3,1043.41,347.803333333333,491,0.0168509741969458
"15074",104.920150462963,1,748.87,748.87,455,1
"15075",77.0159837962963,1,773.03,773.03,447,1
"15076",172.185428240741,1,880.85,880.85,571,1
"15078",6.88126157407407,32,9743.11,304.4721875,5105,0.0883667681120233
"15079",212.003483796296,4,895.61,223.9025,389,0.0259506217336457
"15081",21.8208449074074,5,504.8,100.96,190,0.0144494750024082
"15083",256.022233796296,1,88.2,88.2,38,1
"15087",281.094456018519,1,306.94,306.94,470,1
"15088",20.9833449074074,2,1160.07,580.035,460,0.0425852814620947
"15089",9.84653935185185,6,2420.84,403.473333333333,1359,0.0503798900272308
"15090",307.94931712963,1,381.32,381.32,208,1
"15091",67.0020949074074,1,480.71,480.71,346,1
"15092",214.944456018519,2,457.81,228.905,135,0.0289546176582953
"15093",17.9868171296296,6,4596.72,766.12,3760,0.0169118625754574
"15095",103.034039351852,4,1370.6,342.65,1079,0.0396437567965642
"15096",42.0993171296296,1,219.39,219.39,120,1
"15097",3.94931712962963,1,248.08,248.08,170,1
"15098",181.88681712963,3,607.5,202.5,121,2.97725706409373
"15099",83.9840393518518,1,410.48,410.48,343,1
"15100",333.093761574074,3,580.2,193.4,80,0.0730643033521632
"15101",8.10556712962963,2,317.53,158.765,241,0.00568356738579582
"15103",30.9145949074074,2,703.36,351.68,329,0.035688174574654
"15104",196.014594907407,2,1027.44,513.72,637,0.0230081567111118
"15105",17.8305671296296,7,2298.93,328.418571428571,1211,0.059685584865441
"15106",17.1486226851852,5,1422.52,284.504,1181,0.0197745699031046
"15107",310.919456018519,6,319.5,53.25,169,0.0967081183331281
"15108",141.101400462963,4,1300.25,325.0625,499,0.0459880239520958
"15109",245.119456018519,1,484.95,484.95,131,1
"15110",23.0652893518519,4,996.1,249.025,246,0.0135143061600366
"15111",28.8277893518519,3,1567.48,522.493333333333,710,0.00871542327300458
"15113",9.18542824074074,3,3567.03,1189.01,2386,0.0656375349459098
"15114",29.9062615740741,10,2760.56,276.056,3096,0.036729072080804
"15115",17.9104282407407,1,340.11,340.11,157,1
"15116",17.0173726851852,4,1352.75,338.1875,648,0.021259711738978
"15117",14.1930671296296,5,1551.78,310.356,1948,0.0247751312737858
"15118",133.913900462963,1,202.5,202.5,1440,1
"15119",245.154178240741,1,266.4,266.4,88,1
"15120",133.126400462963,1,358.82,358.82,296,1
"15121",49.9159837962963,2,457.72,228.86,199,0.00836504109907346
"15122",113.834733796296,3,1633.78,544.593333333333,800,0.0162792187482336
"15123",6.9847337962963,2,2199.31,1099.655,1195,0.0100036471630282
"15124",22.1118171296296,2,184.19,92.095,233,0.0117616789796743
"15125",24.9534837962963,15,11103.08,740.205333333333,6193,0.0609346701346769
"15127",65.0972337962963,1,406.53,406.53,251,1
"15128",59.9555671296296,4,1471,367.75,1343,0.0249911055960986
"15129",49.9236226851852,11,3136.9,285.172727272727,1794,0.0454114119107482
"15130",169.107650462963,1,330.11,330.11,197,1
"15132",17.8194560185185,5,977.93,195.586,679,0.0203903621554878
"15133",127.087511574074,3,982.42,327.473333333333,680,0.0171424489893098
"15134",14.1632060185185,8,1387.99,173.49875,887,0.035256312165264
"15135",238.731956018519,1,139.05,139.05,43,1
"15136",2.01667824074074,4,1286.7,321.675,776,0.042172776594109
"15139",239.04931712963,2,178.96,89.48,208,0.0204175676154691
"15140",51.9465393518519,7,2354.25,336.321428571429,1572,0.0328670644624866
"15142",45.9993171296296,1,498.74,498.74,365,1
"15143",225.032650462963,1,259.45,259.45,150,1
"15144",7.90140046296296,17,6580.44,387.084705882353,3050,0.0557231143939998
"15145",3.81181712962963,4,1194.73,298.6825,756,0.0163209330133373
"15146",164.028483796296,2,1327.16,663.58,1473,0.0156299182685524
"15147",239.870150462963,1,623.5,623.5,366,1
"15148",10.1868171296296,1,301.29,301.29,187,1
"15149",133.077789351852,1,520.8,520.8,128,1
"15150",16.9986226851852,10,5314.47,531.447,3658,0.0395353498192081
"15152",9.01251157407407,13,4745.69,365.053076923077,2704,0.0726775786563966
"15153",30.820150462963,1,329.25,329.25,198,1
"15154",74.8645949074074,1,296.42,296.42,104,1
"15156",0.769456018518519,3,961.49,320.496666666667,597,0.0902613819184722
"15157",3.05695601851852,3,1936.07,645.356666666667,2392,0.00842920250378534
"15158",44.9562615740741,1,401.4,401.4,198,1
"15159",1.03126157407407,30,18546.01,618.200333333333,11441,0.0831375175368201
"15160",356.940983796296,1,158.16,158.16,84,1
"15163",17.9861226851852,2,304.47,152.235,186,0.0114345609605031
"15164",68.0312615740741,3,843.05,281.016666666667,360,0.0110332427517725
"15165",372.94931712963,1,487.75,487.75,160,1
"15167",320.006261574074,1,163,163,67,1
"15168",25.0583449074074,1,106.56,106.56,52,1
"15171",330.884733796296,1,747,747,290,1
"15172",8.0409837962963,5,1624.05,324.81,1611,0.0218343922002699
"15174",322.15556712963,1,135.75,135.75,145,1
"15175",71.0548726851852,1,224.14,224.14,454,1
"15178",259.901400462963,1,40.5,40.5,30,1
"15179",17.9979282407407,5,2206.95,441.39,1938,0.0165583855574082
"15180",366.91181712963,1,87.5,87.5,36,1
"15181",65.9527893518518,3,653.18,217.726666666667,544,0.0147001276052744
"15182",153.967372685185,2,622.85,311.425,253,0.0173855301681205
"15184",28.9645949074074,2,406.76,203.38,223,0.0123406534547402
"15185",69.9472337962963,1,310.62,310.62,666,1
"15186",13.9111226851852,2,411.41,205.705,215,0.0129029945699898
"15187",1.03751157407407,16,4319.08,269.9425,1887,0.0754996444569695
"15189",0.977789351851852,41,15183.33,370.32512195122,6149,0.123480286865788
"15192",119.047928240741,3,1044.32,348.106666666667,918,0.0121524114941559
"15193",60.1854282407407,1,499.32,499.32,144,1
"15194",2.90278935185185,15,7587.03,505.802,5703,0.0409828289536097
"15195",2.02084490740741,1,202.5,202.5,1404,1
"15197",10.1180671296296,3,862.71,287.57,469,0.00860422363811273
"15198",91.9222337962963,2,193.64,96.82,120,0.0606494545760856
"15199",58.901400462963,4,1163.7,290.925,396,0.0159969783485342
"15201",86.9145949074074,5,1236.54,247.308,1210,0.0310490704684529
"15203",25.1902893518519,6,1827.8,304.633333333333,1753,0.020918729284042
"15204",356.959039351852,1,316.58,316.58,258,1
"15205",84.7180671296296,2,653.24,326.62,378,0.0463551642550178
"15206",9.96459490740741,4,420.3,105.075,162,0.0150265312191839
"15208",0.809733796296296,5,870.12,174.024,316,0.0141570369321701
"15210",224.860428240741,1,331.18,331.18,228,1
"15211",59.9715393518519,2,894.41,447.205,240,0.00653827730014552
"15212",240.96181712963,1,101.8,101.8,36,1
"15213",318.020150462963,2,328.35,164.175,272,0.165936851809173
"15214",1.02987268518519,8,1661.44,207.68,1254,0.0330444809693048
"15215",46.0479282407407,3,734.94,244.98,225,0.0588579914710411
"15216",87.0479282407407,1,96.6,96.6,28,1
"15218",10.0430671296296,11,5727.39,520.671818181818,3329,0.0355964655226658
"15219",175.828483796296,1,305.75,305.75,45,1
"15220",51.007650462963,6,1778.96,296.493333333333,1393,0.0260763275838653
"15221",365.987511574074,1,403.25,403.25,43,1
"15222",318.19931712963,1,585,585,440,1
"15223",225.054872685185,2,755.75,377.875,213,0.0801023530066196
"15224",357.908344907407,2,322.08,161.04,152,0.391943385955362
"15225",233.915983796296,1,409.4,409.4,226,1
"15226",310.047928240741,1,154.41,154.41,71,1
"15227",36.0354282407407,5,1219.4,243.88,750,0.0177397577537525
"15228",65.9541782407407,4,3386.71,846.6775,2255,0.0174517954746525
"15230",238.92431712963,2,429.6,214.8,351,0.930533117932149
"15232",112.84931712963,2,612.06,306.03,686,0.0709954148794557
"15234",276.164594907407,1,197,197,196,1
"15235",217.129178240741,12,2247.51,187.2925,1324,0.0765882759659962
"15236",298.081956018518,1,321.05,321.05,269,1
"15237",1.12778935185185,4,1412.32,353.08,1071,0.0176383045179782
"15238",28.9319560185185,3,1071.99,357.33,692,0.0192386483068208
"15239",9.94167824074074,2,780.59,390.295,594,0.0289095672599151
"15240",44.1250115740741,5,1706.57,341.314,1369,0.0186525114829524
"15241",66.1562615740741,8,1756.44,219.555,1818,0.0367109301058307
"15243",73.9430671296296,1,316.68,316.68,185,1
"15244",64.9798726851852,2,631.57,315.785,405,0.0108742028416406
"15245",133.745844907407,3,2473.54,824.513333333333,1784,0.0233976407378923
"15246",237.920150462963,2,514.15,257.075,247,0.0165006101788139
"15247",121.998622685185,1,356,356,160,1
"15249",31.045150462963,13,6688.46,514.496923076923,3577,0.0575334382376082
"15251",8.90834490740741,11,10339.49,939.953636363636,6171,0.0471731827603459
"15252",35.9722337962963,2,740.78,370.39,522,0.0135163674762408
"15253",15.8527893518519,5,918.2,183.64,866,0.0324319941622411
"15254",126.906956018519,1,300.36,300.36,275,1
"15255",66.0048726851852,1,890.85,890.85,489,1
"15256",148.043761574074,1,98.45,98.45,55,1
"15257",282.994456018519,1,317.15,317.15,46,1
"15258",168.013900462963,2,623.16,311.58,142,0.040058975714246
"15260",99.9548726851852,7,1810.77,258.681428571429,885,0.0256341137157767
"15261",134.895844907407,1,254.82,254.82,270,1
"15262",323.023622685185,1,178.95,178.95,73,1
"15263",106.100011574074,1,156.51,156.51,89,1
"15264",63.9590393518518,1,393.74,393.74,265,1
"15265",150.919456018519,2,1506.12,753.06,612,0.023500611995104
"15266",337.965289351852,1,119.3,119.3,18,1
"15267",21.8687615740741,5,1522.06,304.412,944,0.0310110907720469
"15269",23.1375115740741,1,321.3,321.3,26,1
"15270",15.1430671296296,7,2291.99,327.427142857143,1521,0.0236620273756511
"15271",6.94376157407407,15,2507.07,167.138,1262,0.0417807901211643
"15272",56.9937615740741,2,721.94,360.97,310,0.0670032338366331
"15274",3.8284837962963,2,716.57,358.285,619,0.132352941176471
"15275",37.0625115740741,1,615.14,615.14,498,1
"15276",65.8409837962963,1,135.31,135.31,64,1
"15277",46.1125115740741,1,255.9,255.9,205,1
"15279",354.084733796296,1,290.51,290.51,189,1
"15280",171.816678240741,1,113.12,113.12,154,1
"15281",58.1527893518519,9,2332.15,259.127777777778,1211,0.0326416296635847
"15286",49.0708449074074,1,240.55,240.55,55,1
"15287",21.8861226851852,2,486.69,243.345,433,0.0407101662331788
"15288",42.8277893518519,5,2306.52,461.304,775,0.0154739210701076
"15289",28.9590393518519,3,939.78,313.26,1008,0.0135718885974144
"15290",4.04931712962963,18,7943.22,441.29,4501,0.0505878495479882
"15291",25.0750115740741,15,4625.94,308.396,2103,0.0429722470904208
"15292",200.909733796296,1,180.94,180.94,56,1
"15296",50.0437615740741,6,3672.86,612.143333333333,1766,0.0216611928698573
"15297",9.84584490740741,3,641.94,213.98,292,0.0552641678393246
"15298",1.81459490740741,12,4012.4,334.366666666667,3116,0.0328640819167671
"15299",66.9382060185185,7,1417.5,202.5,2948,0.0228835549420987
"15300",63.8208449074074,1,496.44,496.44,292,1
"15301",50.120150462963,12,4650.35,387.529166666667,2775,0.0376293508936971
"15303",289.952094907407,1,574.02,574.02,248,1
"15304",60.1020949074074,8,694.4,86.8,104,0.0258945650634664
"15306",63.9958449074074,3,1174.35,391.45,810,0.0353362671160044
"15307",95.0500115740741,1,205.3,205.3,37,1
"15308",273.987511574074,1,310.47,310.47,175,1
"15311",0.0347337962962963,91,60346.62,663.14967032967,38194,0.243252725548033
"15312",74.9861226851852,4,924.85,231.2125,516,0.0142850411314943
"15313",109.866678240741,1,52,52,25,1
"15314",198.92431712963,1,327.97,327.97,313,1
"15315",63.9993171296296,2,570.5,285.25,862,0.0378081760180639
"15316",326.052789351852,1,165,165,100,1
"15318",3.05556712962963,1,312.62,312.62,642,1
"15319",283.001400462963,1,204.5,204.5,175,1
"15320",43.9743171296296,1,267.13,267.13,326,1
"15321",70.1319560185185,3,2748.31,916.103333333333,1181,0.0135173190650521
"15322",85.1361226851852,1,679.68,679.68,416,1
"15325",103.038206018519,1,162.29,162.29,232,1
"15326",333.050011574074,1,311.71,311.71,386,1
"15327",52.0382060185185,1,208.75,208.75,116,1
"15329",38.8847337962963,3,1049.7,349.9,486,0.0225212309520955
"15330",31.7916782407407,2,663.06,331.53,1312,0.0684410646387833
"15332",365.921539351852,4,1661.06,415.265,652,0.972480162080027
"15333",207.97431712963,1,1028.56,1028.56,344,1
"15334",156.061122685185,3,351.67,117.223333333333,274,0.167630282100035
"15335",53.0000115740741,1,173.97,173.97,80,1
"15339",65.9993171296296,2,574.07,287.035,416,0.00790565913433033
"15341",80.1319560185185,1,2020.52,2020.52,812,1
"15342",129.104872685185,1,406.09,406.09,283,1
"15343",86.9548726851852,1,364.5,364.5,84,1
"15344",0.0868171296296296,3,563.94,187.98,116,0.0400902029566525
"15345",45.0569560185185,1,393.54,393.54,81,1
"15346",332.063900462963,1,252.42,252.42,144,1
"15347",365.892372685185,1,201.6,201.6,130,1
"15348",71.9812615740741,1,158.04,158.04,84,1
"15349",157.863900462963,2,473.81,236.905,327,0.0666358167515039
"15350",372.970150462963,1,115.65,115.65,51,1
"15351",11.9986226851852,7,1960.11,280.015714285714,753,0.0195506834011207
"15353",254.02431712963,2,777.02,388.51,343,0.017541081456397
"15355",28.9625115740741,2,277.05,138.525,45,0.08021837223553
"15356",30.9854282407407,10,2766.5,276.65,1673,0.0295890816288789
"15358",4.15695601851852,22,8347.2,379.418181818182,7050,0.0607804765741913
"15360",39.1354282407407,1,427.93,427.93,223,1
"15361",361.123622685185,1,417.9,417.9,336,1
"15363",372.015289351852,1,326,326,144,1
"15364",95.1277893518518,2,878.09,439.045,493,0.0125126538556787
"15365",25.1812615740741,7,2314.32,330.617142857143,1084,0.02407100947796
"15366",74.9090393518518,2,602.51,301.255,621,0.00704325241744966
"15367",56.9423726851852,4,1877.59,469.3975,1057,0.0182636819075401
"15368",20.9222337962963,1,370.2,370.2,230,1
"15370",40.0777893518519,7,2325.75,332.25,830,0.0238927103530338
"15372",136.840983796296,1,2007.4,2007.4,2924,1
"15373",7.90626157407407,12,2415.91,201.325833333333,500,0.0329654606675124
"15374",128.118761574074,1,168,168,126,1
"15376",39.9069560185185,3,1233.36,411.12,619,0.0163885295467737
"15379",168.984039351852,7,3703.29,529.041428571429,2305,0.0368406240977154
"15380",8.02570601851852,5,1662.66,332.532,376,0.0139710333907698
"15381",213.038206018519,2,484.8,242.4,171,0.0357626255727608
"15382",14.0777893518519,6,5955.71,992.618333333333,4012,0.0212798971471638
"15384",169.078483796296,2,642.41,321.205,596,0.0104726130260397
"15385",39.9020949074074,1,316.88,316.88,161,1
"15386",185.960428240741,1,394.14,394.14,446,1
"15388",269.956261574074,1,140.54,140.54,88,1
"15389",171.85556712963,1,202.5,202.5,400,1
"15392",4.07570601851852,4,1535.53,383.8825,1277,0.0112107841515324
"15393",15.8347337962963,2,231.86,115.93,150,0.00751899329034279
"15394",9.04237268518519,4,2183.54,545.885,910,0.0114298640917723
"15395",325.006956018519,1,107.45,107.45,17,1
"15396",112.079178240741,1,288.18,288.18,122,1
"15397",289.142372685185,1,94,94,20,1
"15398",15.8354282407407,2,1345.53,672.765,769,0.0317072365161674
"15399",0.990289351851852,3,815.77,271.923333333333,611,0.0380325213272646
"15400",91.9534837962963,5,716.2,143.24,390,0.0267230820621312
"15402",148.022928240741,2,626.77,313.385,694,0.0408597573951905
"15405",188.920844907407,1,349.1,349.1,193,1
"15406",30.9777893518519,2,510.71,255.355,254,0.00738342267787511
"15407",33.0382060185185,4,1056.44,264.11,558,0.01465510880655
"15408",263.908344907407,1,267.18,267.18,106,1
"15410",83.9187615740741,8,3450.84,431.355,1200,0.0448961775893247
"15411",25.8965393518519,4,1358.88,339.72,530,0.0254586760604467
"15412",170.89306712963,1,190.53,190.53,108,1
"15414",9.12501157407407,3,774.9,258.3,443,0.0128294602420373
"15415",312.942372685185,1,572.81,572.81,575,1
"15416",64.1333449074074,4,3984.32,996.08,2090,0.0182615394858235
"15417",84.8916782407407,1,508.8,508.8,284,1
"15419",24.1437615740741,1,135.86,135.86,230,1
"15421",58.1458449074074,4,950.36,237.59,500,0.0158240019340447
"15422",322.856261574074,2,97.7,48.85,38,1.84615384615385
"15423",37.9507060185185,1,43.5,43.5,101,1
"15424",253.991678240741,2,383.34,191.67,554,1.99722607489598
"15426",18.8847337962963,5,1447.39,289.478,674,0.0142421682909991
"15427",32.9312615740741,3,1483.14,494.38,1013,0.200166805671393
"15428",14.8305671296296,1,93.78,93.78,102,1
"15429",26.0152893518519,2,397.35,198.675,380,0.040041153407669
"15432",22.8472337962963,1,171.19,171.19,65,1
"15433",213.08681712963,2,533.3,266.65,534,0.0364589267403441
"15434",7.97015046296296,5,1041.48,208.296,647,0.0259109311740891
"15435",21.8409837962963,1,149.29,149.29,54,1
"15436",11.8645949074074,3,1122.53,374.176666666667,613,0.0134548840917798
"15437",261.985428240741,1,200.16,200.16,79,1
"15438",130.938206018519,1,156.58,156.58,59,1
"15440",54.0236226851852,3,383.68,127.893333333333,197,0.0193508506311423
"15442",248.01806712963,1,405,405,120,1
"15443",1.09028935185185,7,3236.91,462.415714285714,1663,0.0218828356507864
"15444",8.80070601851852,2,1418.26,709.13,764,0.0623849236434528
"15445",263.90556712963,1,113.5,113.5,58,1
"15447",330.058344907407,1,155.17,155.17,85,1
"15448",312.088900462963,1,494.64,494.64,232,1
"15449",25.9083449074074,3,974.52,324.84,812,0.0127021837759005
"15450",29.8187615740741,1,429.84,429.84,376,1
"15452",29.0257060185185,3,538.73,179.576666666667,283,0.0127189005217105
"15453",1.07709490740741,7,1388.37,198.338571428571,845,0.0374467832173028
"15454",361.93681712963,1,179.1,179.1,86,1
"15456",282.957650462963,3,447.22,149.073333333333,660,0.038997264775179
"15457",261.888206018519,1,237.07,237.07,132,1
"15458",24.9875115740741,1,161.64,161.64,156,1
"15460",353.862511574074,1,216.76,216.76,109,1
"15462",93.9854282407407,3,234.6,78.2,172,0.0319491180712199
"15463",28.995150462963,1,126.14,126.14,106,1
"15464",337.870844907407,1,1048.85,1048.85,350,1
"15465",19.1104282407407,18,5907.72,328.206666666667,1257,0.0512821527424674
"15466",84.9458449074074,1,334.53,334.53,246,1
"15467",8.93959490740741,3,524.88,174.96,310,0.0208358453710179
"15468",50.9590393518518,2,467.51,233.755,155,1.98483804272915
"15469",49.8534837962963,2,538.55,269.275,153,0.0281781091314685
"15471",1.94306712962963,1,469.48,469.48,266,1
"15472",112.897928240741,1,371.56,371.56,251,1
"15473",13.8993171296296,7,1663.2,237.6,672,0.148403339075129
"15475",76.8958449074074,1,454.11,454.11,319,1
"15478",39.9382060185185,2,1441.42,720.71,585,0.11674098094852
"15480",115.929178240741,1,905.5,905.5,303,1
"15482",15.0861226851852,12,9890.66,824.221666666667,5020,0.0348810451394636
"15483",160.988206018519,4,233.81,58.4525,295,0.0377257157079139
"15484",0.907650462962963,4,3594.31,898.5775,3152,0.0512400811301285
"15485",29.9298726851852,3,2573.5,857.833333333333,1306,0.00871973324075345
"15488",92.1104282407407,1,91.32,91.32,73,1
"15489",22.1645949074074,3,1134.28,378.093333333333,608,0.0158033940715323
"15491",94.8708449074074,6,3100.09,516.681666666667,1646,0.0424795468848332
"15492",27.9145949074074,2,659.46,329.73,483,0.0425211498427603
"15493",32.0319560185185,5,2001.8,400.36,560,0.0209192864198966
"15494",20.9159837962963,2,1299.23,649.615,1148,0.0198071553348647
"15497",17.0409837962963,2,1232.7,616.35,624,0.00659899640263043
"15498",2.00140046296296,27,13316.4,493.2,6105,0.0739699287887234
"15500",7.96042824074074,4,1131.56,282.89,572,0.0540540540540541
"15502",15.001400462963,12,6680.68,556.723333333333,4236,0.0338141941341766
"15503",362.078483796296,1,147.09,147.09,74,1
"15504",80.9618171296296,1,52.83,52.83,33,1
"15505",52.2041782407407,5,3610.96,722.192,2390,0.0481853529911727
"15506",22.0270949074074,3,979.26,326.42,848,0.0256370693031702
"15507",171.063206018519,1,492.36,492.36,162,1
"15508",188.879872685185,6,1000.27,166.711666666667,440,0.12763694380429
"15510",330.027789351852,1,202.5,202.5,2,1
"15511",11.1298726851852,5,909.23,181.846,271,0.066866026486376
"15512",155.104178240741,2,121,60.5,68,0.00975943666362814
"15513",32.926400462963,19,14652.12,771.164210526316,5709,0.0556964705211773
"15514",11.9236226851852,11,3325.2,302.290909090909,2160,0.0311584082459626
"15516",44.082650462963,3,62.43,20.81,27,1.00981767180926
"15517",232.950011574074,1,267.03,267.03,293,1
"15518",63.9895949074074,8,1942.45,242.80625,1273,0.029739009215995
"15520",1.07778935185185,1,343.5,343.5,314,1
"15521",39.963900462963,8,2952.7,369.0875,1836,0.0371772405580459
"15522",32.0583449074074,2,398.84,199.42,573,0.035740878629933
"15523",83.8479282407407,1,382.01,382.01,132,1
"15524",24.0284837962963,1,202.5,202.5,4,1
"15525",1.92153935185185,3,825.92,275.306666666667,416,0.00806322163033862
"15526",32.9069560185185,2,148.44,74.22,24,1.995841995842
"15527",18.0229282407407,8,2429.78,303.7225,992,0.0237446461182038
"15528",253.858344907407,1,229.33,229.33,123,1
"15529",22.0562615740741,11,3995.23,363.202727272727,3496,0.0318875881991766
"15530",21.0173726851852,4,1502.35,375.5875,950,0.0176953632618453
"15531",7.75487268518518,2,2007.44,1003.72,1105,0.0868097419821558
"15532",24.9159837962963,4,1580.93,395.2325,521,0.0119788872112901
"15533",18.8854282407407,3,807.57,269.19,289,0.0422560009390222
"15535",172.866678240741,4,536.4,134.1,143,0.0257825403859324
"15537",162.986122685185,1,110.92,110.92,29,1
"15539",6.96806712962963,1,538.46,538.46,410,1
"15540",10.957650462963,1,213.3,213.3,200,1
"15541",113.911122685185,1,85.13,85.13,49,1
"15543",287.891678240741,1,127.86,127.86,86,1
"15544",8.83820601851852,9,3546.71,394.078888888889,3109,0.0247141473237782
"15545",53.976400462963,2,292.72,146.36,163,0.00629266118389428
"15547",6.99862268518519,14,4954.84,353.917142857143,4032,0.0393284510910914
"15549",76.8527893518519,3,1693.26,564.42,698,0.0124984087674023
"15550",3.88334490740741,4,575.63,143.9075,295,0.0134175345746106
"15551",36.0090393518519,1,436.06,436.06,218,1
"15552",216.918761574074,1,90.12,90.12,60,1
"15553",59.9500115740741,1,437.23,437.23,451,1
"15554",277.159733796296,1,217.2,217.2,74,1
"15555",11.8548726851852,16,4805.17,300.323125,4439,0.0446845896348819
"15556",23.8625115740741,1,279.77,279.77,236,1
"15557",28.0027893518519,1,473.65,473.65,219,1
"15561",11.0715393518519,4,800.59,200.1475,267,0.019514244382032
"15562",351.121539351852,1,134.55,134.55,39,1
"15563",21.9166782407407,4,1400.44,350.11,1501,0.0118644731123438
"15565",49.9284837962963,2,173.16,86.58,60,0.0945223013554761
"15567",18.0847337962963,1,186.01,186.01,223,1
"15568",2.05765046296296,3,758.29,252.763333333333,461,0.0417431635906851
"15569",103.107650462963,5,1291.11,258.222,666,0.0217516744257709
"15570",6.91876157407407,12,4165.52,347.126666666667,2067,0.0330508960847694
"15571",11.1166782407407,4,650.43,162.6075,264,0.0589396993666029
"15572",4.11181712962963,7,2552.86,364.694285714286,1229,0.0254722345062859
"15573",31.0500115740741,2,607.45,303.725,363,0.0363810919380511
"15574",177.034039351852,4,702.25,175.5625,349,0.0204244455082176
"15576",37.032650462963,1,904.13,904.13,404,1
"15577",150.82431712963,3,258.88,86.2933333333333,89,0.0193365590772164
"15578",161.990983796296,1,127.1,127.1,52,1
"15579",68.0034837962963,2,348.6,174.3,120,0.00812925515699624
"15581",120.133344907407,13,1329.13,102.240769230769,286,0.0526760087793348
"15582",24.1215393518519,3,682.91,227.636666666667,453,0.0152402993025446
"15584",23.0798726851852,4,725.11,181.2775,314,0.0286202647374488
"15585",176.175011574074,1,455.3,455.3,320,1
"15587",49.9673726851852,4,872.1,218.025,312,0.0132383968669127
"15589",255.122233796296,3,478.53,159.51,243,0.0536059959299151
"15592",46.1604282407407,1,388.58,388.58,354,1
"15593",70.0444560185185,1,199.8,199.8,60,1
"15594",15.1645949074074,5,1771.78,354.356,983,0.0227326545110111
"15596",100.079872685185,5,1406.59,281.318,561,0.0188124632569077
"15597",34.9750115740741,1,324.57,324.57,279,1
"15598",52.8652893518518,1,240.68,240.68,160,1
"15599",26.0458449074074,2,761.74,380.87,718,0.0111766965876148
"15601",10.8993171296296,14,6776.56,484.04,4983,0.0386535674021582
"15602",7.94167824074074,9,1297.87,144.207777777778,1137,0.0249346331665253
"15603",78.1152893518519,1,48.48,48.48,96,1
"15604",51.9187615740741,1,216.39,216.39,159,1
"15605",35.9395949074074,5,1198.23,239.646,441,0.0147917141747764
"15606",60.8770949074074,9,2920.16,324.462222222222,892,0.0340711919659288
"15607",336.004178240741,1,104.76,104.76,202,1
"15608",27.9791782407407,4,1093.68,273.42,714,0.0429453341683815
"15609",183.99306712963,1,298.48,298.48,148,1
"15610",51.0930671296296,1,112.46,112.46,66,1
"15611",9.0097337962963,13,1579.15,121.473076923077,504,0.0398718647764449
"15612",35.9152893518519,2,195.15,97.575,52,0.0766711923967734
"15615",9.9222337962963,23,10399.74,452.162608695652,5508,0.0657271964135812
"15618",32.1777893518518,4,776.851,194.21275,454,0.0381201977485258
"15619",10.1916782407407,1,336.4,336.4,136,1
"15620",56.0062615740741,3,1553.18,517.726666666667,915,0.0099035549635838
"15621",3.95070601851852,4,1258.65,314.6625,501,0.221096269000461
"15622",42.8375115740741,9,3709.56,412.173333333333,1674,0.0374802621304753
"15623",140.808344907407,1,301.03,301.03,125,1
"15624",116.050011574074,4,588.13,147.0325,357,0.0283847313799119
"15625",103.103483796296,4,1534.26,383.565,1188,0.0301097752221641
"15626",74.1159837962963,2,675.8,337.9,766,0.00781264835215512
"15628",4.10140046296296,9,2870.24,318.915555555556,1894,0.0247918232893929
"15630",44.8847337962963,2,1186.35,593.175,800,0.0124826629680999
"15632",15.1243171296296,8,3285.31,410.66375,2109,0.0307624932573528
"15634",16.8486226851852,1,243.55,243.55,99,1
"15636",89.0645949074074,2,724.76,362.38,284,0.0103171447301959
"15637",52.1819560185185,1,223.36,223.36,128,1
"15639",133.93056712963,1,425.32,425.32,323,1
"15640",3.92709490740741,15,12384.06,825.604,6607,0.0406553797795951
"15641",104.948622685185,4,1887.2,471.8,1562,0.0156880261684992
"15643",191.216678240741,3,664,221.333333333333,246,0.0327114126484129
"15644",165.913900462963,4,813,203.25,557,0.0416796312510402
"15645",18.0382060185185,1,612.01,612.01,256,1
"15646",157.122928240741,3,447.64,149.213333333333,394,0.0139079371824837
"15648",203.872928240741,2,657.35,328.675,221,0.0313131972079066
"15649",335.969456018519,2,405,202.5,192,0.0622191496716211
"15651",36.1729282407407,3,646.3,215.433333333333,479,0.0133339506458632
"15652",90.9361226851852,1,337.74,337.74,208,1
"15653",92.0840393518519,2,453,226.5,1200,0.0831913111297264
"15654",8.98751157407407,2,922.53,461.265,475,0.111658201837708
"15655",242.892372685185,1,560.67,560.67,324,1
"15656",44.9125115740741,4,748.5,187.125,343,0.0166684029586415
"15657",22.0215393518519,1,30,30,24,1
"15658",189.894456018519,5,1024.1,204.82,242,0.0272945422288268
"15659",43.1437615740741,1,306.45,306.45,111,1
"15660",24.8277893518519,9,1600.86,177.873333333333,1050,0.0263699236370961
"15661",316.954178240741,2,309.8,154.9,236,0.0906686815262561
"15663",105.875011574074,1,138.14,138.14,106,1
"15664",50.0784837962963,1,386.43,386.43,157,1
"15665",167.91181712963,2,2242.01,1121.005,1666,0.0263186752933436
"15667",39.0791782407407,1,301.32,301.32,240,1
"15668",217.090983796296,1,76.32,76.32,72,1
"15669",39.8659837962963,4,684.34,171.085,342,0.0178344737901353
"15670",296.083344907407,1,173.05,173.05,91,1
"15671",18.0048726851852,7,2552.13,364.59,1699,0.0276538657799872
"15673",87.8597337962963,4,2881.02,720.255,1514,0.0166672936192623
"15674",72.8979282407407,5,2314.39,462.878,1275,0.0274350513264085
"15675",80.9597337962963,3,323.69,107.896666666667,527,0.0150017189469627
"15676",18.0069560185185,3,3435.76,1145.25333333333,2252,0.011274045425008
"15677",48.8847337962963,1,657.23,657.23,319,1
"15678",52.1423726851852,1,352.7,352.7,184,1
"15679",23.8548726851852,4,781.28,195.32,1170,0.0251051496066424
"15680",8.96112268518518,3,1333.68,444.56,952,0.00838081491785055
"15681",24.8472337962963,5,1426.16,285.232,816,0.019522564831184
"15683",116.995844907407,1,193.75,193.75,131,1
"15687",8.1784837962963,9,2993.1,332.566666666667,1310,0.0278877603718368
"15689",119.134039351852,2,254.1,127.05,84,0.00823092312089168
"15690",3.86876157407407,2,239.76,119.88,408,0.0205803957438598
"15691",251.900706018519,1,136.8,136.8,72,1
"15692",27.9430671296296,1,191.04,191.04,138,1
"15694",0.129178240740741,14,5889.64,420.688571428571,1677,0.0375254776773665
"15695",266.179178240741,2,409.98,204.99,212,1.99861207494795
"15696",32.9500115740741,8,2736.46,342.0575,1028,0.0272007329086367
"15699",17.1833449074074,1,309.65,309.65,113,1
"15700",171.831261574074,2,696.68,348.34,357,0.973960094690565
"15701",1.92431712962963,4,1542.14,385.535,923,0.0366685128244304
"15703",264.082650462963,1,211.5,211.5,66,1
"15704",139.968761574074,4,2293.62,573.405,1028,0.0526061026732303
"15705",200.884039351852,1,143.1,143.1,62,1
"15706",63.1118171296296,4,1060.56,265.14,321,0.0743254577596552
"15707",34.9270949074074,4,945.58,236.395,605,0.0769066438795129
"15708",40.0805671296296,7,3364.24,480.605714285714,1267,0.0212129247319974
"15709",283.091678240741,1,133.25,133.25,121,1
"15712",8.94515046296296,5,1072.36,214.472,486,0.0179141464531234
"15713",142.969456018519,2,356.7,178.35,150,0.00893139571665147
"15714",11.0583449074074,2,330.88,165.44,187,0.0298504368735813
"15716",145.035428240741,4,1118.81,279.7025,744,0.0177792593827263
"15717",233.978483796296,1,150.3,150.3,70,1
"15719",32.0145949074074,13,5045.61,388.123846153846,2725,0.0424838529586645
"15720",23.9180671296296,1,598.73,598.73,281,1
"15721",11.0250115740741,1,507.08,507.08,409,1
"15722",35.0465393518519,5,2194.06,438.812,1026,0.0195334224997897
"15723",364.06806712963,1,203.1,203.1,87,1
"15724",200.923622685185,2,218.25,109.125,73,0.0237623762376238
"15725",14.9159837962963,1,415.25,415.25,221,1
"15727",16.0097337962963,7,5083.96,726.28,3065,0.0203566863030602
"15729",212.009733796296,1,85,85,28,1
"15730",65.0132060185185,3,1120.88,373.626666666667,689,0.0211280004695111
"15732",211.934733796296,2,294.12,147.06,215,0.012424289485945
"15733",282.156261574074,1,162.3,162.3,62,1
"15734",114.083344907407,2,1324.45,662.225,346,0.0230342874967008
"15737",14.0618171296296,8,1205.12,150.64,599,0.0349260247392675
"15738",18.1833449074074,16,4812.42,300.77625,2982,0.0450937103668561
"15739",65.963900462963,1,449.12,449.12,472,1
"15740",48.9312615740741,1,154.88,154.88,152,1
"15743",15.8132060185185,4,784.46,196.115,216,0.0236273765818241
"15744",77.1236226851852,1,34.8,34.8,120,1
"15745",18.9618171296296,4,1094.59,273.6475,421,0.0183462277161813
"15746",133.895150462963,1,196.88,196.88,178,1
"15747",12.0166782407407,3,974.04,324.68,480,0.0186290406044089
"15748",39.9993171296296,1,149.31,149.31,51,1
"15749",234.979178240741,3,2025,675,18028,0.0306068227709093
"15750",2.01112268518519,8,2465.48,308.185,1786,0.0219128886589388
"15752",39.0507060185185,7,2637.38,376.768571428571,1978,0.0209531173998179
"15753",304.006261574074,1,79.2,79.2,144,1
"15754",50.9236226851852,3,458.57,152.856666666667,199,0.0152987506020342
"15755",9.91181712962963,6,2364.25,394.041666666667,1427,0.0210431970071898
"15756",60.9722337962963,4,532.96,133.24,242,0.0211663543159519
"15757",65.0250115740741,2,714.42,357.21,491,0.0130698784682829
"15758",24.0847337962963,1,205.25,205.25,47,1
"15759",217.900706018519,3,253.04,84.3466666666667,60,0.0212782725195051
"15762",64.857650462963,2,583.75,291.875,251,0.153370966024071
"15763",31.1291782407407,2,1086.92,543.46,271,0.0426451861284686
"15764",87.7861226851852,6,3279.97,546.661666666667,2050,0.0316860731640231
"15766",63.8243171296296,1,315.06,315.06,170,1
"15768",115.084733796296,3,574.33,191.443333333333,244,0.0270121554699615
"15769",6.95695601851852,26,24821.94,954.69,29672,0.0712442627817231
"15773",5.00140046296296,1,350.02,350.02,311,1
"15774",68.0319560185185,1,270.8,270.8,87,1
"15775",244.995844907407,1,104.9,104.9,68,1
"15776",132.961122685185,1,241.62,241.62,138,1
"15777",240.838206018519,4,964.01,241.0025,378,0.0330569026370914
"15780",183.034039351852,3,475.28,158.426666666667,220,0.0171416327405185
"15781",24.9118171296296,3,345.46,115.153333333333,180,0.0106671407618116
"15782",9.08403935185185,3,2614.74,871.58,864,0.0371070262841436
"15783",10.1250115740741,1,246.3,246.3,212,1
"15785",32.0534837962963,5,2328.97,465.794,1612,0.0189475678691355
"15786",45.9423726851852,3,4932.2,1644.06666666667,3364,0.0434607645875252
"15787",25.9132060185185,3,948.05,316.016666666667,540,0.0831664869859849
"15789",357.927094907407,1,351.3,351.3,438,1
"15790",9.91459490740741,1,220.85,220.85,114,1
"15791",43.1083449074074,2,1612.69,806.345,731,0.0123616291597097
"15793",14.1382060185185,3,953.31,317.77,553,0.0117670772432353
"15795",149.088206018519,1,610.01,610.01,581,1
"15796",0.704872685185185,8,2711.56,338.945,861,0.0264745423833983
"15797",112.823622685185,4,1432.5,358.125,873,0.0193186810975426
"15799",75.0027893518518,3,884.14,294.713333333333,955,0.0115429936433375
"15800",106.935428240741,2,699.08,349.54,335,0.0142783484710269
"15801",45.9569560185185,3,1063.95,354.65,570,0.0467537527462418
"15802",142.050011574074,1,202.5,202.5,1,1
"15803",50.9125115740741,1,415.82,415.82,290,1
"15804",0.0132060185185185,13,4158.89,319.914615384615,2565,0.0652949609171989
"15805",22.8458449074074,17,5528.48,325.204705882353,3387,0.0496653472618123
"15806",45.9270949074074,3,784.58,261.526666666667,602,0.0129748821898718
"15807",49.9444560185185,3,903.9,301.3,430,0.107230620299352
"15808",305.928483796296,4,3734.97,933.7425,1343,0.0624403781111786
"15809",35.8402893518519,5,515.77,103.154,301,0.0187108242118065
"15810",78.1333449074074,4,1391.98,347.995,861,0.0182632765459578
"15811",21.8882060185185,6,2218.62,369.77,1071,0.0174417900444523
"15812",106.938206018519,5,1696.64,339.328,922,0.0236867817888126
"15813",207.192372685185,2,1303.91,651.955,603,0.060677566155402
"15814",16.1895949074074,4,1945.33,486.3325,1271,0.114392389728517
"15815",63.0055671296296,5,2048.7,409.74,1856,0.025359345447117
"15819",48.9166782407407,4,1905.45,476.3625,1357,0.017527577025485
"15820",319.034733796296,1,206.98,206.98,128,1
"15821",43.876400462963,2,570.96,285.48,202,0.110514198004605
"15822",2.91667824074074,2,885.47,442.735,375,0.00560145637865845
"15823",371.904178240741,1,15,15,1,1
"15825",171.97431712963,1,485.44,485.44,220,1
"15826",55.8645949074074,3,1654.31,551.436666666667,963,0.0193270430966218
"15827",72.8854282407407,14,1836.09,131.149285714286,882,0.0466505765372591
"15829",98.8368171296296,2,636.14,318.07,996,0.0473201669350334
"15830",37.0902893518519,1,576,576,415,1
"15831",57.9833449074074,3,801.76,267.253333333333,1105,0.0112388197158035
"15832",253.889594907407,1,836.79,836.79,465,1
"15834",69.9229282407407,4,2233.75,558.4375,965,0.0192430402667299
"15835",43.8770949074074,4,954.09,238.5225,439,0.013926768409447
"15836",49.8173726851852,1,137.37,137.37,26,1
"15837",64.1590393518518,1,391.98,391.98,189,1
"15838",10.951400462963,19,22137.88,1165.15157894737,18368,0.0532053500935372
"15839",32.9555671296296,3,1048.49,349.496666666667,675,0.0258870199366008
"15840",58.1541782407407,2,355.56,177.78,396,0.0174074924748861
"15841",72.0243171296296,4,1224.06,306.015,942,0.0149793254102411
"15843",303.104872685185,1,118.95,118.95,27,1
"15844",45.8965393518518,1,130.74,130.74,134,1
"15845",17.1305671296296,8,3711.77,463.97125,1926,0.0249467823631446
"15847",37.9229282407407,2,389.27,194.635,449,0.00797088413157494
"15850",18.9416782407407,2,238.85,119.425,302,0.0133334567912666
"15852",186.061122685185,2,160.71,80.355,48,0.167871298671019
"15853",51.0916782407407,1,110.8,110.8,135,1
"15854",3.9659837962963,12,2962.95,246.9125,939,0.0335122723182425
"15855",136.104178240741,5,712.24,142.448,470,0.0390904944947554
"15856",3.82015046296296,27,16171.07,598.928518518519,11005,0.0745548854734945
"15857",18.0222337962963,1,297,297,308,1
"15858",15.001400462963,5,1438.85,287.77,1167,0.0141671766194362
"15860",40.0590393518519,8,977.21,122.15125,440,0.0243167766761584
"15861",11.8687615740741,8,3165.36,395.67,2544,0.0312714618051126
"15862",7.97362268518518,4,832.88,208.22,585,0.0109263288483536
"15863",25.0007060185185,2,68.84,34.42,19,0.0119011706950201
"15864",21.9708449074074,6,1913.82,318.97,1192,0.0203481320461884
"15865",40.0048726851852,3,895.13,298.376666666667,368,0.0172373203947027
"15866",100.945150462963,1,230.53,230.53,126,1
"15867",4.97084490740741,15,3812.64,254.176,2054,0.0410994091959928
"15869",276.810428240741,2,149.64,74.82,175,1.99445983379501
"15870",32.0777893518519,1,354.09,354.09,335,1
"15872",14.0382060185185,2,360.93,180.465,212,1.99861207494795
"15874",63.0132060185185,7,4302.38,614.625714285714,2534,0.0315371547103932
"15877",1.03959490740741,2,493.28,246.64,371,0.11747909443198
"15880",368.99306712963,1,343.28,343.28,211,1
"15881",311.827094907407,5,501.39,100.278,260,0.0940844407856051
"15882",198.052094907407,4,516.36,129.09,276,0.0233999853750091
"15883",1.82292824074074,2,396.48,198.24,223,0.062317429406037
"15885",92.0882060185185,3,379.35,126.45,111,0.0137739729303171
"15886",59.9340393518519,1,181.09,181.09,147,1
"15888",80.013900462963,1,168.31,168.31,76,1
"15889",156.069456018519,2,446.87,223.435,215,0.00935313947219714
"15891",226.010428240741,1,524.52,524.52,442,1
"15894",252.958344907407,2,263.55,131.775,168,0.017095640611644
"15895",149.09931712963,1,179.17,179.17,94,1
"15897",193.958344907407,2,222.05,111.025,261,1.97530864197531
"15898",0.893761574074074,5,1316.38,263.276,570,0.0135802422564327
"15899",368.09306712963,1,56.25,56.25,39,1
"15900",23.0215393518519,1,351.11,351.11,221,1
"15901",16.0048726851852,3,363.88,121.293333333333,384,0.0215800384644204
"15903",9.19584490740741,7,5090.16,727.165714285714,2410,0.0244112718078872
"15904",7.91667824074074,1,164.68,164.68,84,1
"15906",19.0180671296296,7,1567.69,223.955714285714,544,0.0295414048579199
"15907",3.02015046296296,3,967.45,322.483333333333,509,0.0144250033391211
"15909",173.091678240741,1,191.94,191.94,98,1
"15910",0.082650462962963,8,1232.18,154.0225,1015,0.0252401318095772
"15912",177.931261574074,2,264.62,132.31,185,0.0357857329241169
"15916",15.9611226851852,8,1528.09,191.01125,757,0.0227902642839762
"15917",247.090289351852,1,123.1,123.1,42,1
"15918",190.047233796296,2,334.23,167.115,153,0.0244426150203264
"15919",19.0569560185185,2,639.89,319.945,545,0.00571426303863874
"15920",153.888206018519,4,167.5,41.875,99,3.95876288659794
"15921",172.07431712963,1,336.03,336.03,166,1
"15922",372.957650462963,1,369.5,369.5,138,1
"15923",372.023622685185,1,127.08,127.08,122,1
"15925",193.885428240741,1,207.15,207.15,93,1
"15930",66.9152893518519,1,426.63,426.63,139,1
"15932",3.81737268518519,8,2495.87,311.98375,2325,0.0279623188335441
"15933",20.9833449074074,3,1107.46,369.153333333333,885,0.0454215689366937
"15935",238.97431712963,2,310.54,155.27,115,0.632688927943761
"15937",63.876400462963,1,145.35,145.35,73,1
"15938",111.995844907407,5,404.58,80.916,240,0.0235721652015911
"15939",89.0555671296296,15,5589.95,372.663333333333,4728,0.0617412754718491
"15940",310.85556712963,1,35.8,35.8,4,1
"15942",133.159039351852,1,337.44,337.44,232,1
"15944",276.095150462963,1,325.1,325.1,50,1
"15945",364.983344907407,1,181,181,52,1
"15947",82.0861226851852,1,1708.24,1708.24,898,1
"15948",7.88751157407407,2,955.24,477.62,567,0.0551122337677249
"15949",16.1534837962963,2,364.72,182.36,284,0.0359393523429213
"15950",31.070150462963,4,1765.51,441.3775,729,0.0121592609871378
"15951",8.17778935185185,2,708.22,354.11,313,0.00719789461582487
"15952",33.063900462963,4,806.57,201.6425,399,0.0207326247286942
"15953",14.8875115740741,8,1659.38,207.4225,892,0.0225344618821362
"15955",23.9409837962963,14,4416.26,315.447142857143,2135,0.0401008089781256
"15957",31.0250115740741,1,428.89,428.89,211,1
"15958",73.9645949074074,1,104.35,104.35,33,1
"15963",19.0534837962963,2,470.76,235.38,298,0.0742497679694751
"15965",16.8375115740741,4,845.64,211.41,453,0.0113913686650344
"15967",22.8812615740741,2,418.83,209.415,211,0.0067532077736925
"15969",2.0722337962963,3,666.1,222.033333333333,124,0.0163088411284812
"15970",303.029178240741,1,314.1,314.1,116,1
"15971",17.0000115740741,12,3167.35,263.945833333333,1717,0.0407006733982942
"15973",366.047233796296,1,307.82,307.82,106,1
"15974",38.9840393518519,7,3442.15,491.735714285714,2262,0.0279857738982684
"15975",83.970150462963,1,371.01,371.01,243,1
"15976",164.99306712963,2,430.94,215.47,277,0.0358262427227944
"15977",16.9729282407407,2,1054.73,527.365,1016,0.0874184246471392
"15978",76.895150462963,1,1098.78,1098.78,888,1
"15980",88.1312615740741,3,2398.86,799.62,1560,0.01798830760006
"15981",24.201400462963,8,3408.48,426.06,1866,0.0278012404372903
"15983",21.8027893518519,4,1475.02,368.755,892,0.0113564892675262
"15984",2.02362268518519,10,2837.67,283.767,1843,0.0272513081574142
"15985",122.846539351852,2,1142.42,571.21,1086,0.017508982472779
"15986",29.8979282407407,1,168.12,168.12,268,1
"15987",11.8833449074074,7,1300.44,185.777142857143,1556,0.0195916844183913
"15988",18.9770949074074,1,158.03,158.03,181,1
"15990",43.8694560185185,2,792.11,396.055,443,0.00819618478981624
"15992",3.07640046296296,1,41.99,41.99,17,1
"15993",8.08681712962963,7,2797.57,399.652857142857,2051,0.190389845874887
"15994",54.0152893518519,1,427.07,427.07,177,1
"15996",87.9000115740741,6,1060.68,176.78,384,0.0215077853702252
"15998",36.0034837962963,5,3089.97,617.994,2041,0.0152920462244575
"16000",2.02292824074074,3,1822.5,607.5,5110,2.99376299376299
"16003",29.120150462963,5,2640.37,528.074,1185,0.0151099247022086
"16005",11.9604282407407,4,615.39,153.8475,300,0.0154390065428151
"16006",210.984733796296,1,101.4,101.4,84,1
"16007",47.0729282407407,4,1701.94,425.485,1393,0.0236829445794427
"16008",23.0958449074074,3,478.78,159.593333333333,323,0.0164849002892489
"16009",21.832650462963,4,992.71,248.1775,378,0.028938179808586
"16010",245.108344907407,3,407.5,135.833333333333,210,0.0254422954604349
"16011",7.84653935185185,16,3362.71,210.169375,2042,0.0445685037633691
"16012",34.9757060185185,3,1415.29,471.763333333333,799,0.0248328667590235
"16013",3.09306712962963,47,18534.76,394.356595744681,15536,0.127407959608966
"16014",37.0319560185185,3,662.38,220.793333333333,265,0.0117755450278306
"16015",3.07778935185185,3,705.39,235.13,909,0.0639412687605459
"16016",2.92709490740741,8,1508.76,188.595,620,0.0219730334421177
"16017",46.9958449074074,1,211.88,211.88,102,1
"16018",38.9423726851852,2,408.9,204.45,190,0.0140830607185295
"16019",46.0409837962963,9,3786.24,420.693333333333,1733,0.0282155002373063
"16020",16.063900462963,3,851.01,283.67,487,0.0601302822782696
"16022",259.981956018519,1,628.28,628.28,261,1
"16023",45.8444560185185,3,719.81,239.936666666667,358,0.0135669017844244
"16024",11.9750115740741,1,251.24,251.24,398,1
"16025",29.045150462963,1,439.66,439.66,338,1
"16026",42.9562615740741,1,236.09,236.09,243,1
"16027",91.0854282407407,6,934.62,155.77,1147,0.0283104184961401
"16029",38.0993171296296,63,38775.81,615.489047619048,40208,0.18748837497675
"16030",309.056956018519,1,331.24,331.24,283,1
"16031",91.9882060185185,2,548.94,274.47,423,0.0128248517126521
"16033",5.00417824074074,20,8816.4,440.82,3539,0.0547811796214012
"16034",195.856261574074,3,437.7,145.9,242,0.0218686564444197
"16036",86.9145949074074,2,758.92,379.46,716,0.0112944719834348
"16037",269.150706018519,3,855.02,285.006666666667,428,0.0333500598293897
"16038",7.00695601851852,3,471.78,157.26,244,0.0153807263832863
"16040",64.9604282407407,3,1313.55,437.85,684,0.0146944273425196
"16041",30.0173726851852,3,1215,405,1584,0.0268259665420584
"16042",21.7916782407407,5,1197.27,239.454,755,0.0160676627129802
"16043",37.0000115740741,4,773.99,193.4975,503,0.0142314990512334
"16045",119.006261574074,4,1340.7,335.175,897,0.0232684026403174
"16048",372.890289351852,2,256.44,128.22,144,1.99861207494795
"16049",39.9798726851852,3,1111.79,370.596666666667,793,0.0834524591430669
"16050",173.045844907407,1,137.9,137.9,278,1
"16052",53.9007060185185,1,362.06,362.06,282,1
"16053",32.0618171296296,2,1511.95,755.975,1793,0.0220143093010457
"16054",144.987511574074,1,783.9,783.9,380,1
"16055",220.141678240741,1,134.8,134.8,22,1
"16056",44.8965393518518,1,664.85,664.85,347,1
"16057",15.8937615740741,7,2263.12,323.302857142857,863,0.0260029717682021
"16059",65.1208449074074,6,1459.86,243.31,643,0.0198037957275144
"16062",9.02431712962963,4,1153.62,288.405,800,0.0112356262983878
"16063",259.912511574074,1,335.32,335.32,262,0.999306037473976
"16065",364.990983796296,1,372.09,372.09,231,1
"16066",16.038900462963,5,1521.87,304.374,936,0.0459180745020759
"16070",21.8750115740741,2,852.15,426.075,457,0.182347726984931
"16071",44.0666782407407,1,326.24,326.24,180,1
"16072",287.929178240741,1,584.32,584.32,140,1
"16073",296.881261574074,1,122.4,122.4,48,1
"16076",2.91042824074074,10,2234.73,223.473,1435,0.0485194819197542
"16078",283.127094907407,1,79.2,79.2,16,1
"16079",16.001400462963,3,1146.5,382.166666666667,864,0.120060030015008
"16080",81.088900462963,2,217.16,108.58,128,0.0103182166682192
"16081",55.988900462963,5,2806.9,561.38,1477,0.0160732224578636
"16083",100.085428240741,2,1317.62,658.81,908,0.00766414033892532
"16084",298.864594907407,1,436.18,436.18,216,1
"16085",22.976400462963,5,981.51,196.302,636,0.0167755133423579
"16086",58.9868171296296,5,1121.39,224.278,511,0.0161825390403754
"16091",154.170150462963,2,315.06,157.53,154,0.0444670897216175
"16092",114.086122685185,3,817.86,272.62,628,0.0213072385424271
"16093",106.070150462963,1,17,17,20,1
"16094",11.0034837962963,4,1078.23,269.5575,647,0.0191433357262503
"16096",263.966678240741,1,320.62,320.62,155,1
"16097",239.960428240741,1,185.05,185.05,87,1
"16098",87.1187615740741,7,2005.63,286.518571428571,613,0.0243894177026524
"16099",49.9840393518519,3,731.9,243.966666666667,434,0.0170267106523359
"16101",70.1055671296296,1,1290.7,1290.7,757,1
"16102",41.9798726851852,3,1842.14,614.046666666667,942,0.0344747783479239
"16103",6.94028935185185,6,1429.64,238.273333333333,558,0.0264229879995596
"16104",61.1020949074074,1,302.36,302.36,123,1
"16105",248.109039351852,1,336.96,336.96,330,1
"16106",65.0923726851852,1,108.38,108.38,74,1
"16107",17.1319560185185,7,3139.46,448.494285714286,1176,0.0420108528036409
"16108",84.0430671296296,1,842.5,842.5,615,1
"16109",218.147928240741,2,611.88,305.94,612,0.0220116172424335
"16110",44.9270949074074,3,1337.48,445.826666666667,733,0.0112349615358609
"16112",142.931956018519,4,195.74,48.935,574,0.0203965283409053
"16113",182.856956018519,1,161.38,161.38,176,1
"16114",170.109039351852,1,135.75,135.75,43,1
"16115",9.05417824074074,8,1667.97,208.49625,1001,0.0281719073261632
"16116",211.034039351852,1,612.78,612.78,248,1
"16117",189.047233796296,1,232.21,232.21,130,1
"16119",7.90209490740741,2,423.36,211.68,240,0.0306722331089716
"16120",58.9361226851852,4,1309.14,327.285,878,3.96694214876033
"16121",56.9937615740741,2,867.11,433.555,586,0.0125749365795299
"16122",72.8861226851852,4,684.42,171.105,1128,0.013597958417632
"16123",51.1472337962963,1,307.78,307.78,170,1
"16124",316.920150462963,1,249,249,48,1
"16125",366.876400462963,1,289.35,289.35,124,1
"16126",28.8659837962963,4,6287.77,1571.9425,2125,0.0149143589544413
"16127",38.9527893518519,1,656.25,656.25,323,1
"16128",17.0666782407407,5,1880.22,376.044,988,0.0188002809597543
"16131",51.0395949074074,6,3506.54,584.423333333333,1802,0.031722603456442
"16133",3.0597337962963,33,14306.14,433.519393939394,8887,0.104492610534139
"16134",21.1145949074074,2,618.09,309.045,371,0.00590254649792489
"16135",262.013900462963,1,517.55,517.55,209,1
"16136",59.1527893518519,3,709.38,236.46,440,0.013700454778985
"16139",18.1757060185185,3,635.41,211.803333333333,330,0.0158792004528513
"16140",65.0243171296296,2,725.18,362.59,730,0.00651679545634539
"16141",87.9854282407407,1,620.4,620.4,238,1
"16142",249.106956018519,1,535.34,535.34,422,1
"16143",2.94237268518519,6,2377.44,396.24,919,0.0163507848944485
"16144",246.11181712963,1,175.2,175.2,16,1
"16145",8.09515046296296,11,3799.49,345.408181818182,3123,0.0312448221175468
"16146",156.937511574074,3,734.13,244.71,427,0.0394971428571429
"16147",133.120150462963,1,375,375,246,1
"16148",295.950706018519,1,76.32,76.32,72,1
"16149",4.05626157407407,2,280.52,140.26,308,0.0144032407291641
"16150",42.007650462963,5,2053.02,410.604,1047,0.0151167771031216
"16152",268.127094907407,1,1829.04,1829.04,642,1
"16153",49.0833449074074,5,1824.23,364.846,1073,0.0163366067052695
"16156",8.00556712962963,9,3122.04,346.893333333333,1308,0.0297002475020625
"16157",15.0479282407407,3,656.69,218.896666666667,347,0.0517284734113252
"16159",281.015983796296,1,348.2,348.2,236,1
"16160",64.9382060185185,2,995.94,497.97,1162,0.0945937068908888
"16161",1.02778935185185,19,5575.56,293.450526315789,2599,0.0516180640584703
"16162",251.907650462963,1,37.4,37.4,4,1
"16163",231.89931712963,2,642.6,321.3,192,0.0149310217899599
"16164",16.9069560185185,3,822.48,274.16,433,0.114309906858594
"16168",10.0034837962963,27,3677.84,136.216296296296,1892,0.0749903079655986
"16169",7.89028935185185,4,1822.97,455.7425,1325,0.0586826957363354
"16170",50.1868171296296,6,1885.05,314.175,1770,0.0301845660444593
"16171",58.9159837962963,1,73.2,73.2,24,1
"16172",94.9777893518519,5,1140.21,228.042,787,0.0340007555723461
"16173",15.0812615740741,6,1418.32,236.386666666667,575,0.0715883668903803
"16174",125.975011574074,3,956.95,318.983333333333,651,0.114640554096011
"16175",93.9291782407407,4,1037.59,259.3975,533,0.027211655659174
"16177",49.995150462963,1,331.95,331.95,95,1
"16178",137.864594907407,1,197.9,197.9,94,1
"16179",60.1312615740741,1,215.83,215.83,99,1
"16180",99.8486226851852,8,10254.18,1281.7725,5867,0.0522011011169767
"16181",72.9666782407407,1,305.54,305.54,152,1
"16182",71.9770949074074,4,4373.65,1093.4125,3791,0.0179265013444876
"16183",66.9104282407407,1,338.71,338.71,113,1
"16184",63.7965393518519,6,1158.79,193.131666666667,561,0.0404930402587055
"16185",16.1312615740741,2,529.41,264.705,260,0.00922066196669036
"16186",22.0048726851852,12,4006.94,333.911666666667,3020,0.0341959499171817
"16187",31.1250115740741,15,6911.44,460.762666666667,5048,0.0590913070121684
"16188",44.0215393518518,4,981.86,245.465,782,0.0200896360497358
"16189",15.0437615740741,2,215.48,107.74,134,0.0282280987199341
"16190",39.8687615740741,1,215.08,215.08,88,1
"16191",2.05834490740741,13,5014.32,385.716923076923,3351,0.0362167432790082
"16193",236.045150462963,1,314.45,314.45,219,1
"16198",74.9111226851852,1,400.681,400.681,129,1
"16200",3.92362268518518,2,1080.62,540.31,523,0.0124259512540287
"16201",2.86667824074074,4,1863.47,465.8675,1286,0.0373069076071116
"16202",360.088206018519,1,365.27,365.27,191,1
"16203",58.0132060185185,4,592.9,148.225,262,0.0127036778911895
"16204",22.9652893518519,1,405.71,405.71,231,1
"16205",30.1375115740741,4,761.38,190.345,517,0.0266816133111604
"16206",54.0895949074074,4,537.06,134.265,272,0.0145995021975292
"16207",24.957650462963,1,394.38,394.38,140,1
"16208",44.051400462963,2,664.26,332.13,333,0.0081328592930625
"16209",88.0361226851852,5,1244.72,248.944,1179,0.0314499748837006
"16210",1.0097337962963,18,7976.54,443.141111111111,7559,0.0482565640656155
"16211",88.0270949074074,1,547.02,547.02,154,1
"16212",18.9930671296296,2,690.34,345.17,244,0.00754699181623075
"16213",78.1159837962963,1,159,159,48,1
"16214",170.05556712963,3,1062.75,354.25,420,0.0300235601548437
"16215",80.1055671296296,1,242.35,242.35,104,1
"16216",266.886122685185,1,914.93,914.93,254,1
"16217",234.971539351852,2,304.25,152.125,91,0.0417373157688796
"16218",29.1187615740741,7,3084.68,440.668571428571,2088,0.0202935314368545
"16221",36.0465393518519,3,864.86,288.286666666667,717,0.00903784598004142
"16222",317.966678240741,1,846.72,846.72,365,1
"16224",56.7909837962963,4,1295.3,323.825,1116,0.0206992464180601
"16225",44.1805671296296,5,1096.32,219.264,493,0.021381925739384
"16226",202.922928240741,3,255.12,85.04,192,0.0907124708649182
"16227",224.970150462963,1,314.22,314.22,90,1
"16229",86.8152893518518,2,1010.6,505.3,318,0.0158365317995359
"16230",189.113900462963,2,542.03,271.015,365,0.0629178136059772
"16232",43.0236226851852,4,990.88,247.72,550,0.0231315082466236
"16233",70.807650462963,3,536.68,178.893333333333,174,0.0101285766536308
"16235",40.0791782407407,5,867.31,173.462,330,0.0170764217306953
"16236",77.9444560185185,1,432.2,432.2,184,1
"16239",56.1812615740741,2,414.2,207.1,228,0.0149300929501967
"16240",23.9305671296296,2,3626.3,1813.15,1641,0.0370151402205485
"16241",9.07084490740741,13,2607.87,200.605384615385,1453,0.0360108032409723
"16242",7.90140046296296,7,3603.21,514.744285714286,1982,0.0259333964516527
"16243",33.0125115740741,2,409.1,204.55,110,0.0908431378733874
"16244",211.10556712963,2,1522.75,761.375,855,0.0123500731141481
"16245",23.1083449074074,3,1413.66,471.22,1014,0.0128188389455318
"16247",169.935428240741,1,114.56,114.56,182,1
"16248",61.0541782407407,1,152.94,152.94,78,1
"16249",52.1132060185185,5,1800.07,360.014,950,0.026617670436271
"16250",260.904872685185,2,389.44,194.72,208,0.017665677061609
"16253",66.1534837962963,2,3683.86,1841.93,3233,0.0105364825709017
"16255",16.0069560185185,8,2619.91,327.48875,1767,0.022861905754175
"16256",266.022233796296,1,752.43,752.43,581,1
"16257",176.110428240741,1,46.95,46.95,2,1
"16258",44.9722337962963,5,4987.81,997.562,2994,0.0285785732147323
"16260",50.1319560185185,1,1033.95,1033.95,311,1
"16261",16.8104282407407,4,746.83,186.7075,306,0.0173966620154758
"16265",8.83959490740741,9,5447,605.222222222222,2646,0.0252621730146973
"16266",73.0291782407407,7,861.89,123.127142857143,398,0.0522827000280086
"16268",70.763900462963,2,667.65,333.825,533,2
"16270",352.933344907407,1,1141.24,1141.24,688,1
"16271",2.0034837962963,5,1429.24,285.848,1038,0.0140118984370895
"16272",116.08056712963,1,411.7,411.7,224,0.999306037473976
"16274",372.885428240741,1,357.95,357.95,155,1
"16275",196.006261574074,1,559.87,559.87,336,1
"16276",176.136122685185,1,480.3,480.3,420,1
"16278",99.8180671296296,1,548.88,548.88,114,1
"16279",20.9097337962963,3,1509.58,503.193333333333,1054,0.0192145176355469
"16281",71.9118171296296,1,1859.56,1859.56,934,1
"16282",339.047233796296,1,168.3,168.3,114,1
"16283",5.02917824074074,5,1570.81,314.162,1236,0.0245172318683152
"16284",30.8597337962963,2,823.97,411.985,544,0.0995231183910429
"16287",169.154178240741,1,142.5,142.5,298,1
"16292",121.01806712963,1,302.25,302.25,191,1
"16293",21.1194560185185,10,2248.99,224.899,982,0.0288359873121656
"16295",9.18959490740741,4,1328.55,332.1375,841,0.0715599065745664
"16297",268.181261574074,1,301.9,301.9,206,1
"16298",22.0354282407407,3,598.2,199.4,198,0.018173175215491
"16302",126.129178240741,1,233.22,233.22,158,1
"16303",25.0840393518519,3,5360.63,1786.87666666667,2659,0.00971325657162515
"16305",138.022233796296,1,361.22,361.22,256,1
"16306",213.026400462963,6,632.27,105.378333333333,487,0.0387419623880115
"16308",37.0597337962963,4,810,202.5,8000,0.0177888683685508
"16309",105.885428240741,2,706.57,353.285,467,0.014797383740347
"16311",17.163900462963,2,616.26,308.13,394,0.0609381942828125
"16313",2.99167824074074,2,274.15,137.075,165,0.0424040755028122
"16315",330.03681712963,1,226.37,226.37,75,1
"16316",63.9597337962963,8,2843.91,355.48875,1484,0.0271210701522264
"16317",119.002789351852,3,1341.65,447.216666666667,890,0.0167665414350918
"16318",34.9895949074074,1,328.15,328.15,199,1
"16319",217.057650462963,1,404.4,404.4,72,1
"16320",171.892372685185,2,1038.46,519.23,732,0.047623772199623
"16321",71.9132060185185,5,373.65,74.73,135,0.0198323068278225
"16322",0.881261574074074,2,326.75,163.375,231,0.0554827772212376
"16323",195.91806712963,1,202.5,202.5,50,1
"16324",127.994456018519,3,428.68,142.893333333333,282,0.0600734230726443
"16325",46.1680671296296,3,594.24,198.08,194,0.0150016668518724
"16326",5.11042824074074,14,3110.96,222.211428571429,709,0.0424340651245027
"16327",13.9770949074074,6,3844.22,640.703333333333,2571,0.0168526176172271
"16330",17.0180671296296,3,251.91,83.97,147,0.0313143321058888
"16332",27.9361226851852,7,1593.2,227.6,801,0.0251794787248393
"16333",7.02153935185185,22,8971.94,407.815454545455,32184,0.072592453409531
"16337",36.1159837962963,1,151.05,151.05,87,1
"16338",156.954178240741,1,214.8,214.8,94,1
"16339",283.964594907407,1,109.95,109.95,23,1
"16340",106.914594907407,1,549.07,549.07,501,1
"16341",24.151400462963,4,1971.87,492.9675,1398,0.0224936736542847
"16342",74.926400462963,4,322.41,80.6025,157,0.0380283363923257
"16343",15.795150462963,2,370.48,185.24,195,1.99722607489598
"16344",157.875011574074,1,101.1,101.1,18,1
"16345",43.8659837962963,1,575.41,575.41,289,1
"16347",10.9833449074074,2,887.65,443.825,353,0.0768963767922463
"16348",31.8791782407407,7,1469.45,209.921428571429,819,0.0334933794088817
"16349",290.006956018519,1,53.5,53.5,9,1
"16350",20.8729282407407,4,1116.47,279.1175,545,0.0127690987809501
"16351",332.100011574074,1,153.9,153.9,90,1
"16352",17.0958449074074,2,494.44,247.22,300,0.0948991696322657
"16353",3.01876157407407,23,5471.81,237.904782608696,2006,0.0626686395682827
"16354",62.9319560185185,2,395.8,197.9,150,0.183206106870229
"16356",197.040983796296,3,211.77,70.59,93,0.0370497427101201
"16357",32.8652893518518,3,658.88,219.626666666667,246,0.016553690285053
"16358",0.903483796296296,4,2027.5,506.875,1302,0.0217388022523815
"16359",6.82362268518519,9,1724.46,191.606666666667,1183,0.0276701361088871
"16360",4.02362268518519,6,3512.53,585.421666666667,2144,0.0706424868771769
"16361",9.01251157407407,4,896.66,224.165,421,0.0635207710715822
"16362",31.9923726851852,5,734.77,146.954,351,0.0834356965721835
"16363",52.9416782407407,1,109.36,109.36,52,1
"16364",11.057650462963,2,707.04,353.52,280,0.0157642370766098
"16365",17.0597337962963,9,1323.12,147.013333333333,504,0.0256590474870566
"16366",18.1882060185185,1,327.3,327.3,256,1
"16367",36.9840393518519,2,804.49,402.245,647,0.00613402852323263
"16368",1.9847337962963,2,497.43,248.715,260,0.0742957383138995
"16369",17.8507060185185,3,1553.66,517.886666666667,1035,0.0167334195827491
"16370",81.8715393518519,4,1320.56,330.14,647,0.0277838072498372
"16372",32.9875115740741,2,367.93,183.965,166,1.97530864197531
"16374",65.895150462963,2,473.03,236.515,240,0.0101488855607435
"16376",8.05001157407407,2,987.01,493.505,694,0.20438577815627
"16377",266.881261574074,1,488.7,488.7,1500,1
"16378",246.904872685185,3,362.95,120.983333333333,267,0.0468013650398137
"16379",3.88334490740741,4,2157.4,539.35,1410,0.0531536935357357
"16380",60.8819560185185,1,1213.59,1213.59,1524,1
"16383",74.0034837962963,2,668.36,334.18,475,0.0102569581708425
"16384",89.0632060185185,2,584.5,292.25,260,0.0114255790150199
"16385",59.9847337962963,3,555.89,185.296666666667,261,0.00977163331041222
"16386",28.0152893518519,2,317.2,158.6,224,0.00884931279555322
"16387",322.052789351852,1,94.36,94.36,44,1
"16389",52.9229282407407,4,1382.07,345.5175,1242,0.0173194537155641
"16392",269.027094907407,1,221.19,221.19,203,1
"16393",1.99931712962963,13,3046.21,234.323846153846,1576,0.0353273536000121
"16394",56.126400462963,5,1555.34,311.068,2604,0.0213719611742705
"16395",60.0000115740741,5,1486.9,297.38,1476,0.0184482935328482
"16398",153.898622685185,2,1705.8,852.9,758,0.0199531654865663
"16399",18.8597337962963,2,408.57,204.285,264,0.00921228560644348
"16400",94.0159837962963,1,303.93,303.93,172,1
"16401",0.77431712962963,12,4098.32,341.526666666667,3882,0.0366630668400807
"16402",264.017372685185,2,299.6,149.8,149,0.0188774473496195
"16403",311.965983796296,1,177.5,177.5,114,1
"16404",69.9132060185185,1,443.05,443.05,157,1
"16405",301.89306712963,2,167.25,83.625,187,0.224019912881145
"16406",18.0368171296296,1,163.07,163.07,122,1
"16407",12.0729282407407,10,2126.93,212.693,1124,0.0332361637158031
"16409",35.8368171296296,5,2028.88,405.776,1306,0.0177255203178777
"16411",18.9770949074074,2,214.65,107.325,132,0.00569803951827824
"16412",53.0104282407407,1,151.83,151.83,73,1
"16413",56.0291782407407,1,262.2,262.2,148,1
"16414",21.1305671296296,2,126.25,63.125,27,0.00769693325315695
"16415",43.9687615740741,1,210.35,210.35,187,1
"16416",26.0000115740741,3,1051.4,350.466666666667,672,0.0968718466195762
"16418",44.007650462963,3,675.27,225.09,288,0.0164093214061877
"16419",112.01181712963,6,972.23,162.038333333333,436,0.0299991666898142
"16422",16.951400462963,51,32743.94,642.038039215686,33704,0.144502926853264
"16423",24.145150462963,1,346.12,346.12,230,1
"16424",190.965289351852,1,133.56,133.56,88,1
"16425",301.93056712963,1,302.7,302.7,199,1
"16426",1.95070601851852,10,1908.25,190.825,1243,0.0363731889183018
"16427",262.819456018519,2,241.06,120.53,156,0.0905888273779567
"16429",105.95556712963,1,207.45,207.45,9,1
"16430",56.9187615740741,1,300.85,300.85,103,1
"16431",212.945150462963,3,642.81,214.27,453,0.0352920993080461
"16432",63.9520949074074,1,287.4,287.4,276,1
"16433",27.945150462963,1,184.26,184.26,106,1
"16434",28.9319560185185,7,1522.25,217.464285714286,767,0.0258215902308317
"16438",5.08265046296296,5,798.35,159.67,463,0.0641940085592011
"16440",7.03334490740741,5,3640.67,728.134,2018,0.0240403075823798
"16441",66.7930671296296,2,381.2,190.6,173,0.00888853225024922
"16442",1.04653935185185,3,616.79,205.596666666667,446,0.00833241715320653
"16444",45.9583449074074,4,654.67,163.6675,407,0.0182592818015825
"16445",33.0125115740741,1,230.51,230.51,111,1
"16446",0.14931712962963,2,205.4,102.7,80997,0.00970994898905271
"16447",135.003483796296,1,259.01,259.01,223,1
"16448",197.848622685185,1,188.89,188.89,78,1
"16449",197.100706018519,2,707.69,353.845,367,0.0238311956971452
"16450",149.043761574074,1,311.92,311.92,200,1
"16451",87.1479282407407,1,266.97,266.97,120,1
"16454",44.0486226851852,2,6.9,3.45,3,0.0962470340540721
"16455",63.0229282407407,7,1841.18,263.025714285714,988,0.0226673232994448
"16456",98.9583449074074,5,2158.37,431.674,1148,0.0181827824202799
"16457",217.979872685185,1,208.36,208.36,140,1
"16458",2.13612268518519,18,3482.74,193.485555555556,2154,0.0501525667394833
"16460",27.9611226851852,3,814.72,271.573333333333,879,0.0554052147593336
"16461",177.029872685185,1,151.42,151.42,49,1
"16462",73.101400462963,3,136,45.3333333333333,16,0.0142139862992965
"16463",20.9507060185185,4,1422.4,355.6,1163,0.0217427410952906
"16464",19.0270949074074,3,1314.68,438.226666666667,963,0.024207376525569
"16466",33.0520949074074,7,1603.46,229.065714285714,789,0.0269233645658607
"16468",73.9423726851852,1,74.9,74.9,31,1
"16469",23.0173726851852,4,650.43,162.6075,273,0.0178596898119151
"16470",51.0270949074074,4,762.39,190.5975,531,0.0129864859380707
"16471",274.131261574074,1,223.95,223.95,141,1
"16473",164.152789351852,3,316.11,105.37,196,0.017348352508885
"16474",6.99167824074074,7,1871.5,267.357142857143,943,0.0503871512764245
"16475",87.9257060185185,4,544.3,136.075,319,0.0214814759564105
"16477",63.1291782407407,7,2494.46,356.351428571429,1415,0.0226630933323741
"16478",24.8743171296296,3,331,110.333333333333,224,0.0728880190318716
"16479",9.96528935185185,2,300.83,150.415,102,1.95121951219512
"16480",75.0486226851852,1,769.29,769.29,455,1
"16482",15.0118171296296,1,220.62,220.62,346,1
"16483",191.987511574074,1,139.35,139.35,44,1
"16484",173.03056712963,2,404.3,202.15,200,0.110739416310993
"16485",76.8750115740741,1,363.65,363.65,235,1
"16488",32.963900462963,3,498.8,166.266666666667,728,0.0258441216588097
"16491",46.1055671296296,1,731.5,731.5,478,1
"16493",79.0694560185185,4,1351.63,337.9075,1164,0.0159285868356867
"16494",296.000706018519,1,826.53,826.53,675,1
"16495",2.97917824074074,3,684.41,228.136666666667,337,0.0109544023004245
"16496",8.09653935185185,3,1599.52,533.173333333333,1111,0.00970766883366404
"16497",49.0798726851852,6,2965.69,494.281666666667,1396,0.0210600723939989
"16498",160.904872685185,2,100.97,50.485,45,1.10982658959538
"16499",359.971539351852,2,365.45,182.725,127,0.390032502708559
"16500",4.03195601851852,6,400.86,66.81,123,0.0183448838157358
"16503",106.044456018519,4,1431.93,357.9825,569,0.0156915734071418
"16504",24.8972337962963,1,484.38,484.38,524,1
"16505",31.0250115740741,1,621.54,621.54,576,1
"16506",19.0229282407407,2,90.3,45.15,42,0.0915244541901039
"16509",296.142372685185,1,363.7,363.7,64,1
"16510",371.965983796296,1,248.1,248.1,92,1
"16511",21.0895949074074,3,950.26,316.753333333333,417,0.0121966024556956
"16513",4.10556712962963,4,874.59,218.6475,407,0.100484979588989
"16515",51.9861226851852,5,1627.13,325.426,833,0.0192307178666724
"16516",29.9104282407407,1,101.7,101.7,58,1
"16517",276.958344907407,1,162.7,162.7,96,1
"16518",60.9069560185185,2,484.32,242.16,327,0.00893111874666634
"16519",24.8812615740741,2,215.08,107.54,54,0.00586399203474415
"16520",185.976400462963,3,1046.57,348.856666666667,558,0.016665637923585
"16523",1.15556712962963,21,9418.47,448.498571428571,4265,0.0666931321953156
"16525",1.90487268518519,26,12899.95,496.151923076923,7397,0.0712036149527591
"16526",171.033344907407,1,290.36,290.36,106,1
"16527",80.8534837962963,1,228.06,228.06,106,1
"16528",3.0034837962963,1,244.41,244.41,171,1
"16529",189.810428240741,1,455.25,455.25,198,1
"16531",21.8479282407407,7,1244.59,177.798571428571,915,0.0206409337565271
"16532",17.0708449074074,3,810,270,2016,0.00931855881585277
"16533",18.9875115740741,3,1095.56,365.186666666667,612,0.0600993308384691
"16535",4.8972337962963,1,593.75,593.75,356,1
"16536",109.872233796296,1,548.97,548.97,251,1
"16539",2.17292824074074,4,1388.81,347.2025,477,0.0107611053299232
"16542",53.0854282407407,1,119.62,119.62,46,1
"16545",164.092372685185,1,304.2,304.2,78,1
"16546",290.062511574074,2,787.15,393.575,549,0.0241058649234555
"16549",9.90556712962963,10,4154.64,415.464,2365,0.0307650893148999
"16550",108.06806712963,5,2298.97,459.794,1540,0.0191652980336937
"16551",95.1333449074074,3,922.12,307.373333333333,970,0.012398330817314
"16552",242.115289351852,2,379.73,189.865,219,0.0151636409586791
"16553",162.88056712963,12,5656.52,471.376666666667,4600,0.0605839620789274
"16554",41.9159837962963,3,837.1,279.033333333333,402,0.0103416082158332
"16555",34.9298726851852,2,285.89,142.945,175,0.0266373162903837
"16556",66.051400462963,7,3313.79,473.398571428571,1890,0.0237352949487148
"16557",23.9486226851852,2,281.85,140.925,111,0.0175400131550099
"16558",0.104178240740741,20,8288.99,414.4495,5377,0.0545063297367988
"16560",26.0937615740741,2,841.41,420.705,500,0.00600902605789112
"16561",5.04167824074074,2,511.12,255.56,244,0.0363099965959378
"16563",53.0409837962963,1,1048.24,1048.24,486,1
"16565",363.895150462963,1,173.7,173.7,46,1
"16566",14.8444560185185,5,614.66,122.932,362,0.0179692276975679
"16567",193.953483796296,2,865.6,432.8,996,0.0139679706672616
"16569",2.88751157407407,1,124.2,124.2,93,1
"16570",14.8250115740741,10,3738.4,373.84,2112,0.0336397509723991
"16571",26.0444560185185,3,1421.69,473.896666666667,1239,0.0117147777039578
"16572",126.844456018519,3,1009.6,336.533333333333,532,0.0201089233347298
"16573",84.1507060185185,2,663.61,331.805,360,0.00967355123455339
"16574",70.9659837962963,1,451.44,451.44,416,1
"16581",182.114594907407,1,105.84,105.84,134,1
"16582",112.825011574074,1,313.62,313.62,164,1
"16583",373.032650462963,1,233.45,233.45,111,1
"16584",79.9618171296296,2,936.08,468.04,646,0.011427165705806
"16586",248.137511574074,1,463.95,463.95,95,1
"16587",231.87431712963,1,225.15,225.15,71,1
"16589",70.9166782407407,3,459.24,153.08,368,0.0329471701278991
"16591",68.0882060185185,1,213.5,213.5,41,1
"16592",3.95903935185185,16,4113.68,257.105,2927,0.0563091135713762
"16593",50.0062615740741,3,330.03,110.01,116,0.0107905582615212
"16594",74.9458449074074,1,181.09,181.09,64,1
"16595",60.982650462963,1,360.16,360.16,335,1
"16596",15.1166782407407,2,250.15,125.075,97,0.0056860360431507
"16597",3.87917824074074,1,90.04,90.04,184,1
"16598",285.047233796296,1,145.05,145.05,73,1
"16600",3.86806712962963,6,813.52,135.586666666667,1145,0.0179020237160374
"16601",40.070150462963,1,244.8,244.8,134,1
"16602",35.8722337962963,1,528.08,528.08,336,1
"16603",74.113900462963,2,482.47,241.235,480,0.111870727159727
"16607",17.101400462963,14,3207.71,229.122142857143,2859,0.0409271127911438
"16609",14.9708449074074,7,5493.46,784.78,2420,0.0293945252696685
"16610",218.984039351852,1,75.66,75.66,66,1
"16611",185.877789351852,1,129.49,129.49,47,1
"16612",32.2166782407407,4,1187.66,296.915,506,0.0142920946851273
"16613",69.8736226851852,1,618.59,618.59,293,1
"16614",182.051400462963,1,506.19,506.19,223,1
"16616",14.8465393518519,2,500.42,250.21,370,0.0139742737502002
"16617",235.093761574074,1,151.85,151.85,91,1
"16618",30.9569560185185,5,2647.59,529.518,1363,0.0171185243831982
"16619",263.188900462963,1,226.21,226.21,133,1
"16620",3.02153935185185,2,178.96,89.48,88,0.00774981029110225
"16621",51.0500115740741,4,813.48,203.37,302,0.0176208219379233
"16623",245.11181712963,1,129.45,129.45,39,1
"16624",80.007650462963,2,810.57,405.285,488,0.0169592330657936
"16625",274.000011574074,1,333.08,333.08,164,1
"16626",0.0375115740740741,17,4413.1,259.594117647059,2690,0.0636755460412174
"16627",78.9250115740741,1,322.8,322.8,162,1
"16628",29.0034837962963,5,2188.05,437.61,1205,0.0242530400512009
"16629",73.0944560185185,2,417.73,208.865,493,0.0841563906259132
"16633",16.9645949074074,6,2883.1,480.516666666667,1138,0.027527758749781
"16634",222.028483796296,2,217.9,108.95,82,0.0132652873224386
"16637",31.9812615740741,4,1154.47,288.6175,927,0.0206055012395497
"16638",22.070150462963,10,1680.72,168.072,1255,0.0288155604026174
"16639",30.9791782407407,3,1257.51,419.17,510,0.0146228027715627
"16641",105.000706018519,1,231.1,231.1,256,1
"16642",4.05487268518519,2,688.33,344.165,479,0.00980605796469819
"16643",245.184733796296,1,487.51,487.51,269,1
"16644",177.007650462963,2,833.78,416.89,826,0.0555705630378574
"16647",169.043761574074,2,214.06,107.03,146,0.0554101893181468
"16648",42.1611226851852,1,290.66,290.66,281,1
"16650",71.1243171296296,1,518.42,518.42,372,1
"16652",58.1333449074074,7,6773.97,967.71,3283,0.0324298238558674
"16653",15.9159837962963,2,1212.66,606.33,733,0.0356819843147944
"16654",140.893761574074,4,601.27,150.3175,282,0.0175431115875907
"16655",17.0590393518519,6,3793.02,632.17,2367,0.0190447220330241
"16656",21.9215393518519,15,7320.8,488.053333333333,8894,0.0437140775520117
"16657",9.04306712962963,4,933.62,233.405,1229,0.0162608052486266
"16658",367.960428240741,1,123.24,123.24,40,1
"16659",188.907650462963,1,39.12,39.12,72,1
"16660",15.9145949074074,4,1012.95,253.2375,571,0.0131540184841364
"16665",361.94931712963,1,135.4,135.4,59,1
"16666",18.9507060185185,1,118.98,118.98,233,1
"16667",67.8916782407407,2,570.13,285.065,237,0.00921219720499378
"16668",14.7965393518519,6,306.72,51.12,318,0.0222052598709319
"16669",23.0166782407407,3,1374.87,458.29,888,0.0536426061366148
"16670",16.1361226851852,11,4095.9,372.354545454545,2556,0.0320736073088948
"16671",27.9652893518519,3,916.89,305.63,875,0.0218822814304528
"16672",1.84792824074074,20,8110.64,405.532,2832,0.075397801944635
"16674",54.0548726851852,2,319.61,159.805,188,0.0445461857328466
"16676",33.0340393518519,4,1592.12,398.03,636,0.0131165161075828
"16678",2.02292824074074,12,3109.99,259.165833333333,2397,0.0426863761786306
"16679",365.957650462963,1,129.75,129.75,29,1
"16680",42.8020949074074,1,183.7,183.7,94,1
"16681",72.0687615740741,6,1770.34,295.056666666667,1407,0.0329865419490312
"16682",4.02570601851852,5,1028,205.6,1040,0.0271666333372322
"16684",3.9472337962963,28,43536.86,1554.88785714286,50255,0.0789053448977675
"16685",60.9527893518519,2,324.24,162.12,396,1.98074277854195
"16686",46.9590393518518,7,3062.83,437.547142857143,2030,0.0226563694067088
"16688",0.89306712962963,4,1260.86,315.215,804,0.0665272981370047
"16689",75.0493171296296,2,422.6,211.3,330,0.252410166520596
"16690",71.9083449074074,2,225.58,112.79,138,0.0153641790567034
"16692",255.919456018519,2,361,180.5,152,0.0588896840813823
"16693",68.0694560185185,2,482.01,241.005,204,0.00980378807478112
"16696",134.935428240741,4,657.9,164.475,146,0.0350999067658727
"16697",240.81806712963,1,112.75,112.75,27,1
"16698",226.081956018519,2,1012.5,506.25,840,0.0717149331407655
"16700",8.07640046296296,13,5076.55,390.503846153846,4024,0.0362351101183448
"16701",8.06945601851852,13,5398.3,415.253846153846,6393,0.036726117723687
"16705",0.0291782407407407,20,13977.69,698.8845,5476,0.0557020097207743
"16706",36.9583449074074,3,531.35,177.116666666667,249,0.0385037033075751
"16708",45.0208449074074,1,656.63,656.63,285,1
"16709",84.0791782407407,5,3029.87,605.974,851,0.0252524366847759
"16710",18.9166782407407,10,2483.04,248.304,1836,0.0285659307633253
"16711",2.84584490740741,5,1544.83,308.966,833,0.0140782004931281
"16712",8.9597337962963,11,3598.33,327.120909090909,1749,0.0410531799368134
"16713",18.0097337962963,15,6923.13,461.542,4276,0.04298208085009
"16714",218.070150462963,3,1114.03,371.343333333333,610,0.0300314913555186
"16715",77.7743171296296,1,301.72,301.72,642,1
"16716",266.115983796296,2,369.3,184.65,120,0.0436972749893791
"16717",23.0236226851852,6,3858.38,643.063333333333,1866,0.0174514429757942
"16718",368.990983796296,1,623.75,623.75,413,1
"16719",14.1409837962963,7,1790.42,255.774285714286,1204,0.0197244448097119
"16720",25.8527893518519,1,155.24,155.24,182,1
"16721",261.862511574074,1,292.47,292.47,172,1
"16722",16.9736226851852,13,4730.81,363.908461538462,5001,0.0369297053317262
"16723",90.9923726851852,2,589.15,294.575,399,0.117216117216117
"16725",301.831956018518,7,781.02,111.574285714286,294,0.0999504214179474
"16726",25.9145949074074,5,1382.02,276.404,977,0.0148783385855246
"16727",363.959733796296,1,272.82,272.82,177,1
"16728",45.926400462963,4,1054.67,263.6675,677,0.0182609026465628
"16729",37.9312615740741,21,7239.92,344.758095238095,5783,0.102938723546212
"16730",51.9437615740741,3,743.11,247.703333333333,994,0.0111937397973726
"16732",31.1222337962963,1,603.75,603.75,317,1
"16734",51.9625115740741,3,650.51,216.836666666667,346,0.0476589735669211
"16735",78.0423726851852,5,2300.56,460.112,1573,0.0194586180057079
"16737",52.9909837962963,1,202.5,202.5,288,1
"16738",297.127789351852,1,3.75,3.75,3,1
"16739",176.147928240741,1,323,323,172,1
"16742",46.0333449074074,1,202.5,202.5,1,1
"16743",28.9840393518519,7,2238.09,319.727142857143,2047,0.0212095325065543
"16744",10.988900462963,7,1304.76,186.394285714286,805,0.0429680339993094
"16745",86.0361226851852,17,7194.3,423.194117647059,6735,0.0752149987556342
"16746",4.01181712962963,18,6697.66,372.092222222222,4665,0.0506992665036675
"16747",37.0507060185185,2,836.06,418.03,583,0.0644021556832666
"16748",17.1062615740741,5,1515.9,303.18,880,0.015730587471898
"16750",44.001400462963,5,623.93,124.786,214,0.0264788628799441
"16751",30.0847337962963,1,1049.22,1049.22,1031,1
"16752",372.022233796296,1,207.5,207.5,54,1
"16753",57.9833449074074,1,223.92,223.92,189,1
"16754",371.800011574074,1,405,405,4280,1
"16755",113.978483796296,3,1496.83,498.943333333333,1064,0.0148436265178639
"16756",214.13681712963,1,239.4,239.4,106,1
"16757",318.035428240741,1,106.83,106.83,81,1
"16758",64.9187615740741,1,369.34,369.34,203,1
"16759",7.00556712962963,3,789.79,263.263333333333,609,0.124223602484472
"16761",96.0659837962963,1,316.62,316.62,341,1
"16762",19.0465393518519,3,1501.38,500.46,618,0.0238185818019419
"16763",198.040289351852,1,611.85,611.85,319,1
"16764",3.04792824074074,13,2799.25,215.326923076923,1259,0.0923514089509827
"16765",293.881261574074,1,34,34,4,1
"16766",272.894456018518,2,1145.6,572.8,536,1.86046511627907
"16767",30.1305671296296,11,5579.1,507.190909090909,4435,0.0383494252428313
"16768",47.0916782407407,3,478.09,159.363333333333,196,0.0133327983753738
"16769",259.964594907407,1,380.39,380.39,83,1
"16770",57.020150462963,5,770.1,154.02,464,0.0158300207549161
"16771",32.9736226851852,5,2246.81,449.362,1489,0.0163409447335632
"16773",56.9257060185185,1,171.59,171.59,171,1
"16774",67.0062615740741,4,661.52,165.38,322,0.0357151715072298
"16775",9.89445601851852,11,1695.66,154.150909090909,440,0.0307258397717287
"16776",59.9902893518518,1,388.28,388.28,262,1
"16777",79.9645949074074,2,226.35,113.175,64,0.0112382788263803
"16778",73.9597337962963,2,245.94,122.97,194,0.00995344689939761
"16779",1.91390046296296,22,10598.22,481.737272727273,5325,0.0602398183678204
"16780",99.8618171296296,2,425.19,212.595,271,0.0125046132470747
"16781",371.933344907407,1,311.25,311.25,113,1
"16782",9.97917824074074,13,2279.9,175.376923076923,712,0.0365088775860455
"16784",19.0208449074074,1,107.6,107.6,24,1
"16788",122.914594907407,2,597.48,298.74,311,0.0151429112246829
"16789",7.90140046296296,1,80.8,80.8,32,1
"16790",3.03959490740741,6,1545.62,257.603333333333,898,0.171326591314694
"16791",28.7347337962963,7,1721.78,245.968571428571,763,0.0230152750188369
"16792",281.922928240741,2,110.38,55.19,44,1.99722607489598
"16793",56.9041782407407,1,243.84,243.84,146,1
"16794",0.788900462962963,10,1222.71,122.271,937,0.0555086558810264
"16795",364.945844907407,1,414.88,414.88,239,1
"16796",88.9507060185185,1,305.62,305.62,186,1
"16800",10.9472337962963,1,1201.49,1201.49,540,1
"16801",162.88681712963,4,1619.73,404.9325,499,0.0360141805836048
"16803",64.9319560185185,1,332.3,332.3,245,1
"16804",22.8382060185185,3,536.99,178.996666666667,246,0.0120949114579688
"16805",173.060428240741,2,460.59,230.295,539,0.0106434875160761
"16806",102.890983796296,4,801.49,200.3725,378,0.0292373913749695
"16807",142.034733796296,3,1121.59,373.863333333333,778,0.0232390502114108
"16808",98.7194560185185,2,288.42,144.21,196,0.0113623362225755
"16809",22.8784837962963,5,914.69,182.938,652,0.0208318264014467
"16810",191.887511574074,1,309.54,309.54,114,1
"16811",4.04931712962963,2,547.07,273.535,477,0.145307769929364
"16812",360.010428240741,1,479.35,479.35,81,1
"16813",7.94931712962963,10,1692.98,169.298,1525,0.0507551592266888
"16814",13.9743171296296,21,6509.1,309.957142857143,2769,0.0589770293831986
"16816",102.940289351852,4,417.06,104.265,274,0.015631996743334
"16817",2.07431712962963,9,1604.75,178.305555555556,822,0.0245322591636317
"16818",10.0895949074074,11,3349.57,304.506363636364,2164,0.0561345812409853
"16820",95.0305671296296,1,497.61,497.61,307,1
"16823",226.909733796296,1,358.38,358.38,136,1
"16824",15.0083449074074,2,460.64,230.32,236,0.0133369145418677
"16825",38.0409837962963,2,775.18,387.59,566,0.0135054654930667
"16826",50.9479282407407,1,341.7,341.7,158,1
"16828",92.9027893518519,2,128.5,64.25,59,0.099633294125787
"16829",156.084733796296,1,197.22,197.22,99,1
"16830",38.0520949074074,1,325.91,325.91,264,1
"16832",183.884733796296,3,199.15,66.3833333333333,33,0.0880841693173477
"16833",0.92431712962963,4,1106.53,276.6325,440,0.0119736330621943
"16834",227.134039351852,1,413.46,413.46,358,1
"16835",127.958344907407,2,180.85,90.425,61,0.00813478893329756
"16836",39.1145949074074,2,251.87,125.935,165,0.02567600096285
"16837",30.932650462963,11,3170.98,288.270909090909,1563,0.051106830698944
"16838",196.984039351852,2,588.85,294.425,185,0.0217568670111504
"16839",8.15765046296296,34,16133.75,474.522058823529,8975,0.0939464413180133
"16841",36.0409837962963,6,1869.82,311.636666666667,2250,0.0238127392642856
"16842",100.088900462963,3,1264.19,421.396666666667,693,0.0147909241246135
"16843",42.1555671296296,16,10196.57,637.285625,10159,0.0560017111633967
"16846",49.9548726851852,1,214.32,214.32,135,1
"16847",42.9729282407407,1,193.44,193.44,78,1
"16848",52.1722337962963,1,281.42,281.42,182,1
"16849",186.148622685185,1,124.57,124.57,33,1
"16850",333.070150462963,1,332.41,332.41,249,1
"16851",3.97084490740741,3,342.45,114.15,271,0.0622981079833872
"16852",9.97778935185185,2,144.91,72.455,56,0.0119833730698656
"16855",23.032650462963,2,328.4,164.2,164,0.0960896837047911
"16856",14.1604282407407,1,35.4,35.4,12,1
"16858",368.123622685185,1,375.69,375.69,91,1
"16859",144.021539351852,2,747.81,373.905,827,0.0169571361281206
"16861",59.1562615740741,2,173.76,86.88,140,0.0200547327080156
"16863",30.8916782407407,2,502.8,251.4,409,0.00594761145576051
"16866",140.113900462963,3,207.74,69.2466666666667,60,0.137003678802486
"16869",22.0333449074074,4,825.42,206.355,585,0.025980938290761
"16871",21.7243171296296,6,2812.34,468.723333333333,1253,0.0240604183839419
"16872",76.8645949074074,3,680.02,226.673333333333,600,0.0277611767654373
"16873",4.03126157407407,6,6976.12,1162.68666666667,3840,0.0166275355067164
"16875",66.9659837962963,5,2095.53,419.106,1069,0.0183065430636
"16877",11.9604282407407,6,853.72,142.286666666667,463,0.0304725359216179
"16878",83.7993171296296,1,13.3,13.3,12,1
"16880",30.0534837962963,7,1519.08,217.011428571429,753,0.0438093251277772
"16881",66.095150462963,1,202.5,202.5,600,1
"16882",66.088900462963,3,705.12,235.04,424,0.0119185894128715
"16883",186.99931712963,2,276.73,138.365,104,0.0108052135155212
"16884",37.0402893518519,2,429.84,214.92,320,1.875
"16885",14.9652893518519,3,471.51,157.17,184,0.00875030636199936
"16887",34.9465393518519,1,194.88,194.88,157,1
"16889",194.072928240741,3,1578.67,526.223333333333,925,0.0209771873088017
"16891",1.0659837962963,5,809.7,161.94,283,0.0134775935008049
"16892",0.98056712962963,5,525.54,105.108,239,0.027311729249724
"16893",366.03056712963,1,145.93,145.93,62,1
"16895",64.0243171296296,1,219.14,219.14,102,1
"16897",298.908344907407,2,289.78,144.89,73,0.132170720513997
"16898",25.8791782407407,3,508.81,169.603333333333,419,0.0087427978167291
"16899",7.03265046296296,6,1281.56,213.593333333333,522,0.0169514137949978
"16900",16.0958449074074,3,887.11,295.703333333333,833,0.0626495540569937
"16902",115.939594907407,1,1685.13,1685.13,629,1
"16903",28.8875115740741,1,373.24,373.24,262,1
"16904",3.98612268518518,16,3754.27,234.641875,2034,0.0439576373533076
"16905",4.95070601851852,7,3102.43,443.204285714286,1408,0.0190664260665282
"16906",81.0423726851852,4,579.77,144.9425,281,0.0238135596723982
"16907",28.7819560185185,5,981.65,196.33,298,0.0148345942738466
"16909",71.8368171296296,1,379.14,379.14,436,1
"16910",3.99931712962963,8,1510.06,188.7575,886,0.0909686742421251
"16912",28.0222337962963,11,2575.38,234.125454545455,1029,0.0371799566233839
"16913",289.995844907407,1,113.44,113.44,82,1
"16914",35.8909837962963,1,208.46,208.46,121,1
"16915",8.8409837962963,6,621.68,103.613333333333,132,0.0217957805992326
"16916",23.0291782407407,2,576.26,288.13,440,0.00571503411160985
"16917",276.038206018519,1,391.52,391.52,232,1
"16918",49.0000115740741,6,1068.82,178.136666666667,721,0.0223213709041964
"16919",155.968761574074,11,2596.45,236.040909090909,1413,0.0516359534885237
"16921",60.8527893518519,1,169.79,169.79,171,1
"16923",11.9930671296296,19,7247.61,381.453157894737,3417,0.0541188478382131
"16924",20.9979282407407,3,846.75,282.25,493,0.0468755086318211
"16926",370.963900462963,1,230.25,230.25,35,1
"16927",115.069456018519,3,543.05,181.016666666667,993,0.0121473541544232
"16928",79.9027893518519,17,2847.6,167.505882352941,2114,0.0578246316868588
"16929",3.17570601851852,7,1295.39,185.055714285714,929,0.0458019429475004
"16930",25.8590393518519,3,380.55,126.85,341,0.0696459663377829
"16931",4.98265046296296,21,4604.22,219.248571428571,3158,0.0575238493803441
"16932",52.9430671296296,1,161.94,161.94,87,1
"16933",0.997233796296296,2,563.23,281.615,288,0.00836914922367423
"16934",54.0069560185185,2,950.93,475.465,399,1.97938144329897
"16936",25.0736226851852,1,262.68,262.68,173,1
"16938",8.10417824074074,4,2105.63,526.4075,2540,0.0132876263593288
"16940",51.982650462963,3,3049.88,1016.62666666667,2169,0.0126032768519815
"16942",12.0069560185185,9,1920.59,213.398888888889,811,0.0416611750637294
"16943",211.03681712963,3,816.73,272.243333333333,145,0.0277997644742176
"16945",21.0493171296296,19,4345.5,228.710526315789,2725,0.056255782872417
"16947",235.133344907407,1,406.48,406.48,312,1
"16948",138.002789351852,3,435.02,145.006666666667,1614,0.0159510833444105
"16949",3.07153935185185,6,1191.27,198.545,791,0.0191109852774632
"16950",56.1555671296296,3,1178.56,392.853333333333,644,0.00962339554383323
"16951",134.031261574074,3,1277.75,425.916666666667,1318,0.0175561940447114
"16952",108.990983796296,2,167.61,83.805,92,1.99307958477509
"16953",29.8722337962963,1,20.8,20.8,10,1
"16954",0.127789351851852,9,2085.08,231.675555555556,1054,0.0250026526734125
"16955",184.09306712963,4,518.67,129.6675,266,0.0210661058791259
"16956",17.1625115740741,1,308.74,308.74,114,1
"16957",238.954178240741,2,416.64,208.32,172,0.0463089514559985
"16959",86.907650462963,1,117.35,117.35,49,1
"16960",38.0520949074074,3,507.05,169.016666666667,304,0.013954344743379
"16961",115.961122685185,1,234.17,234.17,125,1
"16963",186.959733796296,1,110.55,110.55,35,1
"16965",226.029178240741,1,201.19,201.19,291,1
"16966",7.96528935185185,7,2045.47,292.21,1981,0.0300462318507942
"16967",188.934733796296,1,319.02,319.02,333,1
"16968",3.90834490740741,2,439.43,219.715,326,0.0191985921032458
"16969",38.9847337962963,3,650.41,216.803333333333,816,0.0196023268688005
"16971",37.9055671296296,1,357.21,357.21,72,1
"16976",266.845150462963,1,251.52,251.52,88,1
"16978",77.0000115740741,1,344.33,344.33,166,1
"16979",3.02015046296296,6,1852,308.666666666667,865,0.020330320649629
"16980",254.84306712963,2,1048.26,524.13,788,0.0538337881789973
"16982",60.0152893518519,1,384.06,384.06,182,1
"16983",12.0277893518519,7,1931.25,275.892857142857,1379,0.0195539829601006
"16984",87.9632060185185,2,4481.35,2240.675,2423,0.0466880653632915
"16985",16.970150462963,10,5421.82,542.182,1832,0.0292293795861201
"16986",29.0382060185185,2,285.7,142.85,1040,1.08967082860386
"16987",2.80834490740741,7,1625.05,232.15,402,0.0344720273861106
"16988",4.86667824074074,1,126.12,126.12,43,1
"16989",6.8409837962963,6,1133.25,188.875,1233,0.0415768401601478
"16990",218.18056712963,1,179,179,100,1
"16992",10.0416782407407,5,1614.31,322.862,860,0.0181784671007617
"16996",29.8382060185185,6,1456.96,242.826666666667,544,0.0185105439400464
"16997",287.806956018519,3,702,234,360,0.0784641371669361
"16998",149.129178240741,4,295,73.75,76,0.0256819539686644
"16999",22.9562615740741,2,484.82,242.41,294,0.0385181222415407
"17001",0.133344907407407,11,3989.57,362.688181818182,2164,0.0306404907121013
"17002",85.0069560185185,3,1493.73,497.91,679,0.0145604562276285
"17004",45.9340393518519,2,1347.24,673.62,819,0.0424722381984692
"17006",4.0284837962963,4,781.78,195.445,272,0.0555587707621969
"17007",50.0854282407407,6,889.93,148.321666666667,597,0.0194888683373559
"17010",17.9173726851852,1,195.36,195.36,118,1
"17011",29.9722337962963,1,270.9,270.9,186,1
"17014",7.94515046296296,3,586.33,195.443333333333,245,0.0507560537168235
"17015",28.0868171296296,3,1842.56,614.186666666667,1981,0.0190002023169691
"17017",2.13751157407407,20,8694.26,434.713,6673,0.0539128969758234
"17018",40.0472337962963,2,920.1,460.05,176,0.00699001980505611
"17019",10.988900462963,4,1272.61,318.1525,827,0.0111729459528137
"17022",30.820150462963,1,71,71,108,1
"17024",44.9604282407407,3,95.85,31.95,69,0.0265069703514628
"17025",60.1555671296296,3,357.77,119.256666666667,235,0.00956257844302629
"17026",184.931956018519,2,154.83,77.415,97,0.010806713670868
"17027",78.0180671296296,6,890.29,148.381666666667,421,0.0250083216348032
"17029",110.072233796296,2,405,202.5,400,0.015747256532651
"17030",63.1673726851852,1,146.87,146.87,146,1
"17031",11.1020949074074,2,380.35,190.175,235,0.0138858754610545
"17033",85.9277893518519,3,978.24,326.08,750,0.0109468797591686
"17034",15.9000115740741,3,745.52,248.506666666667,410,0.0110208579942038
"17035",245.060428240741,2,433.53,216.765,229,0.0298705609027547
"17037",87.0007060185185,1,1267.32,1267.32,656,1
"17038",29.9583449074074,1,112.4,112.4,28,1
"17040",137.104872685185,1,449.73,449.73,181,1
"17041",26.0618171296296,3,1081.57,360.523333333333,951,0.00895563230495586
"17042",2.01667824074074,5,1044.38,208.876,994,0.0203336411620676
"17043",31.8868171296296,4,1735.18,433.795,998,0.0170192648623094
"17044",24.9319560185185,1,940.68,940.68,504,1
"17045",112.820150462963,3,339.44,113.146666666667,106,0.0221878675507573
"17046",156.934733796296,1,642.02,642.02,510,1
"17047",84.9743171296296,3,1100.9,366.966666666667,533,0.0248223079000442
"17048",117.042372685185,3,925.35,308.45,485,0.013967112622778
"17049",2.0847337962963,9,5612.48,623.608888888889,2676,0.0328354805609395
"17050",95.9597337962963,6,3228.84,538.14,1614,0.0294050580783931
"17051",193.942372685185,1,247.14,247.14,184,1
"17052",27.9166782407407,1,413.75,413.75,261,1
"17053",130.102094907407,1,498.48,498.48,122,1
"17054",27.9958449074074,5,1356.33,271.266,804,0.0229370950169161
"17058",81.1090393518518,3,1179.89,393.296666666667,592,0.0188633932275178
"17059",29.0159837962963,5,3095.04,619.008,1855,0.0146629954870558
"17060",265.97431712963,1,234.24,234.24,216,1
"17061",73.0597337962963,11,4994.73,454.066363636364,1526,0.0687873195092824
"17062",313.075706018519,4,538.37,134.5925,430,0.0702250615688474
"17063",20.8548726851852,7,1461.14,208.734285714286,770,0.0260118963136911
"17064",58.1055671296296,3,859.35,286.45,318,0.011121179668836
"17068",11.9833449074074,21,4552.14,216.768571428571,2164,0.058828564536336
"17069",27.8173726851852,9,2709.7,301.077777777778,1506,0.0260103077886422
"17070",113.825706018519,1,312.14,312.14,133,1
"17071",27.8465393518519,9,2429.03,269.892222222222,1197,0.0318761944349477
"17073",17.0437615740741,4,1446.09,361.5225,759,0.0430654205607477
"17075",17.0361226851852,4,834.12,208.53,292,0.0132915510963222
"17076",35.7895949074074,3,841.08,280.36,295,0.00910959987347778
"17078",35.7312615740741,2,378.2,189.1,788,1.96185286103542
"17079",77.8861226851852,1,118.8,118.8,24,1
"17080",21.9937615740741,2,287.62,143.81,166,0.00806329688051202
"17081",24.9958449074074,2,290.16,145.08,78,0.0909435392194013
"17082",32.8979282407407,2,1956.35,978.175,1049,0.00699231088591122
"17083",108.879872685185,3,1405.78,468.593333333333,772,0.0153712038997314
"17084",34.913900462963,2,2949.75,1474.875,1816,1.99307958477509
"17085",122.940983796296,5,1566.65,313.33,786,0.0208266442201723
"17086",6.95556712962963,6,2043.78,340.63,1859,0.105068586438369
"17088",27.9354282407407,4,1991.01,497.7525,868,0.0176841717452374
"17090",3.96251157407407,7,2043.95,291.992857142857,921,0.0199433356020197
"17091",2.08820601851852,9,3827.76,425.306666666667,1746,0.0245879245970312
"17092",49.707650462963,4,1777.78,444.445,1131,0.0175278437100603
"17094",321.98681712963,1,302,302,152,1
"17095",22.020150462963,3,1324.16,441.386666666667,618,0.00958304865171829
"17096",14.9090393518519,4,1022.13,255.5325,339,0.016186322557439
"17097",1.82292824074074,8,954.42,119.3025,459,0.021972572431288
"17100",17.8430671296296,2,971.74,485.87,800,2
"17101",9.9534837962963,4,1621.73,405.4325,815,0.0236736975356338
"17102",261.112511574074,1,25.5,25.5,2,1
"17105",158.872928240741,2,665.78,332.89,693,0.0135092665124984
"17107",32.9416782407407,6,10776.43,1796.07166666667,4837,0.024394582369832
"17109",28.8270949074074,6,885.04,147.506666666667,589,0.0294044576340983
"17110",164.994456018519,1,163.3,163.3,50,1
"17111",46.8687615740741,1,248.61,248.61,302,1
"17114",5.02292824074074,8,808.62,101.0775,219,0.0242404858197366
"17115",7.93056712962963,3,837.5,279.166666666667,372,0.0132749889375092
"17117",287.95556712963,1,116.2,116.2,68,1
"17118",317.021539351852,1,157.02,157.02,154,1
"17119",2.92362268518518,2,606.91,303.455,334,0.0349952003110684
"17120",232.895150462963,1,307.46,307.46,120,1
"17122",118.928483796296,1,138.32,138.32,80,1
"17123",161.085428240741,1,345.3,345.3,246,1
"17124",184.950011574074,1,298.89,298.89,130,1
"17125",49.9229282407407,1,259.35,259.35,291,1
"17126",151.956956018519,5,1004.75,200.95,792,0.0236853012967702
"17128",334.033344907407,1,157.09,157.09,76,1
"17131",4.99862268518519,5,2463.17,492.634,983,0.0704156479217604
"17133",15.0159837962963,7,3706.74,529.534285714286,2730,0.0277839029768467
"17134",106.122928240741,2,425,212.5,102,0.0125853773646744
"17135",15.8347337962963,7,1139.73,162.818571428571,1224,0.0196461739660909
"17138",275.038900462963,1,380.5,380.5,126,1
"17139",15.1097337962963,12,10668.47,889.039166666667,5182,0.0437911809427268
"17140",246.970150462963,1,465.32,465.32,302,1
"17142",238.769456018519,1,579,579,81,1
"17144",0.78681712962963,2,984.57,492.285,483,0.0237492475281816
"17146",105.004178240741,3,749.78,249.926666666667,212,0.011810248671347
"17147",22.0125115740741,4,1714.59,428.6475,882,0.0137872927118839
"17148",51.1187615740741,1,124.88,124.88,82,1
"17152",194.021539351852,3,978.5,326.166666666667,517,0.0429598544138267
"17153",23.963900462963,1,213.78,213.78,104,1
"17154",74.963900462963,1,329.34,329.34,490,1
"17155",17.0083449074074,2,251.7,125.85,242,0.0124150774218023
"17157",7.15278935185185,2,319,159.5,172,0.0117819360011782
"17158",31.8993171296296,3,1266.97,422.323333333333,778,0.00911600111417791
"17159",21.0819560185185,3,1538.88,512.96,1111,0.019861795009724
"17160",30.9479282407407,6,3518.03,586.338333333333,2856,0.0284243251690162
"17162",28.0527893518519,10,1715.46,171.546,1001,0.0359759860293254
"17163",21.1618171296296,2,293.1,146.55,66,0.0346557885996895
"17164",32.1500115740741,7,2467.35,352.478571428571,1501,0.0289515406355552
"17165",283.840983796296,1,158.68,158.68,100,1
"17166",38.1277893518519,2,206.34,103.17,78,0.0120437589910006
"17169",57.1007060185185,2,835.78,417.89,526,0.0157627703068814
"17171",288.842372685185,1,224.91,224.91,185,1
"17172",78.1347337962963,1,317.76,317.76,480,1
"17173",4.92362268518518,8,3766.6,470.825,1122,0.0630079744467659
"17174",217.043761574074,1,59.9,59.9,41,1
"17175",43.8882060185185,4,1443.69,360.9225,866,0.0158087579421169
"17176",201.006261574074,1,306.13,306.13,170,1
"17179",177.834733796296,3,711.79,237.263333333333,290,0.0162954915806627
"17180",55.8777893518519,4,796.03,199.0075,683,0.0153313406139457
"17181",56.9180671296296,2,239.92,119.96,241,0.00630735200718337
"17183",7.11320601851852,6,3347.31,557.885,1296,0.0607415531277682
"17186",46.1041782407407,2,144,72,200,0.134278254382693
"17187",226.007650462963,1,203.95,203.95,144,1
"17188",10.9562615740741,7,2474.23,353.461428571429,1328,0.0198841276134904
"17189",105.715983796296,2,384.4,192.2,227,0.00787119661319901
"17190",58.0534837962963,2,444.74,222.37,161,0.0133479171687585
"17191",27.8277893518519,7,2095.13,299.304285714286,1167,0.0205219246633631
"17193",35.0020949074074,7,1699.3,242.757142857143,1254,0.0492565101176195
"17194",273.031261574074,2,262.62,131.31,119,0.0227274520790095
"17197",29.0958449074074,1,1013.01,1013.01,191,1
"17198",23.0909837962963,3,692.22,230.74,357,0.00860035237554872
"17201",53.0382060185185,1,342.63,342.63,268,1
"17203",35.0159837962963,6,3551.79,591.965,2850,0.231573304744036
"17204",174.919456018519,4,1564.56,391.14,646,0.0449003772878925
"17205",53.0027893518519,1,384.08,384.08,884,1
"17206",52.9757060185185,1,204.24,204.24,76,1
"17211",26.032650462963,8,2317.22,289.6525,1323,0.0232577389520693
"17212",252.713900462963,1,226.85,226.85,147,1
"17213",39.9145949074074,7,2781.23,397.318571428571,1176,0.0214017282744857
"17214",59.9812615740741,6,1069.12,178.186666666667,276,0.020005418134078
"17217",233.813206018519,1,113.5,113.5,24,1
"17218",3.95695601851852,10,1960.72,196.072,958,0.0274021088206247
"17219",31.0590393518519,1,114.23,114.23,89,1
"17220",23.9604282407407,14,3198.25,228.446428571429,1905,0.0410613210909765
"17221",6.96876157407407,2,335.13,167.565,288,0.0670453487289319
"17222",64.9527893518518,1,354.15,354.15,128,1
"17223",309.870150462963,2,426.79,213.395,112,0.0338548707519778
"17226",308.040289351852,1,393.49,393.49,406,1
"17227",18.082650462963,6,939.32,156.553333333333,741,0.0170948626376344
"17228",15.101400462963,8,1906.09,238.26125,1532,0.022360942886425
"17229",95.9541782407407,2,318.76,159.38,185,0.0425042061453998
"17230",263.859733796296,8,3638.41,454.80125,1651,0.0831588825525157
"17231",11.8972337962963,10,3174.32,317.432,1742,0.0285679142645151
"17232",2.02015046296296,2,421.52,210.76,203,0.153870812630229
"17233",34.9472337962963,1,190.88,190.88,131,1
"17234",182.062511574074,1,149.89,149.89,55,1
"17235",24.8743171296296,2,550.06,275.03,224,0.0057456015225844
"17236",12.0347337962963,6,916.13,152.688333333333,474,0.0170936450813234
"17237",10.9083449074074,2,314.69,157.345,105,0.165450680760614
"17238",2.05209490740741,17,3744.65,220.273529411765,1822,0.0459640624119867
"17239",312.131261574074,1,382.5,382.5,150,1
"17242",107.913206018519,2,1135.04,567.52,611,0.027368361034296
"17243",0.975011574074074,26,8471.35,325.821153846154,3370,0.0704337961822023
"17244",52.8965393518518,1,954.9,954.9,616,1
"17245",204.088206018519,1,171.45,171.45,75,1
"17247",14.895150462963,1,282.19,282.19,106,1
"17248",119.969456018519,1,318.65,318.65,213,1
"17250",3.02431712962963,2,384.52,192.26,168,0.00772760202849553
"17251",362.072233796296,1,283.28,283.28,110,1
"17252",116.128483796296,2,353.86,176.93,193,0.0282840980515399
"17253",17.9937615740741,1,178.26,178.26,43,1
"17254",4.00278935185185,2,272.44,136.22,252,0.167471070535559
"17255",40.0222337962963,2,298.41,149.205,232,0.0076960076960077
"17256",106.972233796296,2,240,120,141,0.00971145513341449
"17259",147.909039351852,2,603.37,301.685,410,0.00904619211850512
"17262",51.9958449074074,5,1040.86,208.172,367,0.0158742057385254
"17263",207.929178240741,1,63.44,63.44,36,1
"17265",138.084039351852,2,562.9,281.45,394,0.0465650212614594
"17266",1.94306712962963,3,310.64,103.546666666667,161,0.0205347593582888
"17267",126.811122685185,2,317.62,158.81,159,1.995841995842
"17268",107.113900462963,4,666.62,166.655,844,0.0288048968324615
"17272",41.8423726851852,4,2148.63,537.1575,1778,0.0180840910232581
"17274",34.9819560185185,1,111.98,111.98,79,1
"17277",227.002094907407,2,1065.35,532.675,430,0.0208318264014467
"17278",240.986122685185,1,246.04,246.04,179,1
"17279",57.0361226851852,1,187.83,187.83,48,1
"17282",129.931261574074,3,1524.31,508.103333333333,1877,0.017634596465733
"17284",59.9250115740741,6,1652.58,275.43,1364,0.0216602697004415
"17286",21.0020949074074,1,153.92,153.92,118,1
"17287",25.9743171296296,7,1064.11,152.015714285714,559,0.0201702868462916
"17288",8.86181712962963,7,1419.73,202.818571428571,1203,0.0199938114393164
"17289",31.0340393518519,3,944.41,314.803333333333,520,0.0200101903747279
"17290",3.00834490740741,2,525.24,262.62,404,0.144252441773103
"17291",307.990289351852,1,202.5,202.5,72,1
"17293",7.92570601851852,9,1875.11,208.345555555556,1140,0.0254246265757972
"17295",28.0840393518519,3,556.95,185.65,294,0.0812228552089796
"17297",16.9215393518519,1,131.78,131.78,67,1
"17298",100.838206018519,2,498.42,249.21,387,0.082706335075527
"17299",11.0340393518519,4,669.11,167.2775,678,0.024565309177446
"17301",20.9632060185185,1,197.63,197.63,149,1
"17302",14.1347337962963,5,1135.63,227.126,575,0.0171248352923828
"17303",360.970844907407,1,250.04,250.04,144,1
"17306",10.0250115740741,19,7961.78,419.041052631579,11491,0.0552414795671135
"17309",94.8958449074074,1,82.75,82.75,41,1
"17311",77.9437615740741,2,1384.85,692.425,1005,0.0083634621248421
"17312",138.040289351852,3,559.7,186.566666666667,372,0.136708860759494
"17313",30.8784837962963,1,2284.56,2284.56,1402,1
"17314",24.1312615740741,8,2527.92,315.99,1896,0.0276885803834099
"17315",1.02431712962963,38,6292.26,165.585789473684,3888,0.106444440553931
"17317",45.8132060185185,3,1420.5,473.5,1146,0.0678882358487601
"17320",99.9715393518518,3,1200.62,400.206666666667,634,0.0111560739916278
"17321",7.96459490740741,2,700.86,350.43,373,0.0332844083349706
"17323",14.8062615740741,7,921.07,131.581428571429,776,0.0251691049237062
"17324",17.0944560185185,4,990.23,247.5575,844,0.011431542722414
"17325",279.98681712963,1,96.8,96.8,60,1
"17329",13.9347337962963,2,523.11,261.555,142,0.00662350654876212
"17330",22.1625115740741,2,363.9,181.95,120,0.0435769405356332
"17331",123.038206018519,1,175.2,175.2,16,1
"17333",85.1104282407407,1,494.25,494.25,375,1
"17334",301.910428240741,2,307.02,153.51,315,0.275967803756228
"17337",150.913206018519,4,2027.87,506.9675,1269,0.0250142224962978
"17338",16.9354282407407,8,6643.93,830.49125,3128,0.0231843923958413
"17339",93.9729282407407,2,243.36,121.68,152,0.0073543494082047
"17340",29.0868171296296,11,12279.79,1116.34454545455,5967,0.032565186910604
"17341",156.01181712963,3,781.36,260.453333333333,489,0.0142186178318583
"17343",354.904872685185,1,193.64,193.64,56,1
"17344",45.9958449074074,1,160.57,160.57,66,1
"17345",14.907650462963,4,537.74,134.435,346,0.0219648638445376
"17346",3.0222337962963,15,2676.56,178.437333333333,1657,0.0404415619429924
"17347",85.9847337962963,1,202.5,202.5,216,1
"17348",14.0590393518519,5,1159.52,231.904,1401,0.0176040841475222
"17349",178.931261574074,1,110.75,110.75,112,1
"17350",7.87709490740741,4,1286.07,321.5175,795,0.0909349246945155
"17351",35.7534837962963,3,587.15,195.716666666667,113,0.0125991600559963
"17353",128.813206018519,2,1620,810,1200,0.0767959042184417
"17354",50.0944560185185,1,1373.56,1373.56,1006,1
"17356",311.071539351852,1,178.22,178.22,166,1
"17357",23.8472337962963,2,388.14,194.07,153,1.99861207494795
"17358",302.828483796296,2,365.85,182.925,202,0.0376564113962945
"17359",10.9257060185185,1,127.86,127.86,161,1
"17360",16.9854282407407,3,585.79,195.263333333333,335,0.0178747279482957
"17361",48.8798726851852,3,488.2,162.733333333333,157,0.0123334132721231
"17362",238.921539351852,2,312.23,156.115,191,0.0280983833673181
"17364",0.159733796296296,11,4481.18,407.38,2701,0.0331656208189647
"17365",12.0257060185185,8,4801.56,600.195,4777,0.0249220105485871
"17367",237.93681712963,1,168.4,168.4,150,1
"17368",22.8916782407407,8,1782.67,222.83375,1391,0.0253851289859831
"17370",72.1083449074074,4,446.18,111.545,540,0.0408441116405718
"17371",16.9722337962963,3,423.89,141.296666666667,152,0.00869757796613582
"17372",40.0507060185185,8,1342.68,167.835,749,0.0247690266761557
"17373",39.8902893518519,4,646.92,161.73,408,0.014643745137819
"17374",218.156261574074,2,495.77,247.885,85,0.0313275029369534
"17375",198.878483796296,3,400.1,133.366666666667,367,0.0184026343030215
"17376",70.0097337962963,2,203.2,101.6,86,0.00826674014880132
"17377",23.0645949074074,20,4100.92,205.046,2076,0.0569888515559144
"17379",10.9541782407407,1,404.66,404.66,663,1
"17381",8.03542824074074,29,14468.73,498.921724137931,25649,0.0794609745005623
"17382",64.9895949074074,1,65.4,65.4,25,1
"17383",3.80140046296296,1,199.29,199.29,150,1
"17384",18.876400462963,2,324.7,162.35,88,0.00995090197325004
"17385",14.0750115740741,1,261.11,261.11,201,1
"17386",7.05695601851852,6,2031.66,338.61,1902,0.0377429373965236
"17387",19.076400462963,2,784.11,392.055,542,0.133487833140209
"17388",77.0965393518518,4,798.58,199.645,1068,0.0189646487095149
"17389",0.133344907407407,34,21812.72,641.550588235294,7612,0.102488957735865
"17391",163.119456018519,2,506.76,253.38,480,1.05224698575082
"17392",306.001400462963,2,457.91,228.955,320,0.0379226798693774
"17394",218.977789351852,1,203.87,203.87,241,1
"17396",38.9430671296296,8,4236.3,529.5375,2005,0.0240106547280356
"17397",21.9458449074074,2,696.41,348.205,254,1.98620689655172
"17398",114.126400462963,3,653.38,217.793333333333,310,0.0211470306044526
"17400",125.883344907407,5,2129.96,425.992,1097,0.0219363723333597
"17402",4.10765046296296,13,2427.75,186.75,701,0.0355338235684918
"17403",35.8972337962963,1,281.62,281.62,117,1
"17404",3.85001157407407,15,24767.2,1651.14666666667,32748,0.0420022634553084
"17405",0.81806712962963,3,1031.41,343.803333333333,726,0.0199838094136695
"17406",332.904872685185,3,2060.42,686.806666666667,787,0.0877478063048424
"17408",162.997928240741,1,32.65,32.65,3,1
"17409",184.09306712963,2,771.85,385.925,105,0.0308900186627196
"17410",15.8777893518519,5,1214.72,242.944,616,0.0249978300494749
"17411",11.9340393518519,3,778.94,259.646666666667,306,0.0119986334889638
"17412",2.05140046296296,7,1258.06,179.722857142857,738,0.0188782781811678
"17414",43.0257060185185,2,590.5,295.25,2100,0.0140824409564324
"17415",79.0000115740741,1,507.84,507.84,114,1
"17416",29.0020949074074,7,6883.42,983.345714285714,4302,0.027672389653601
"17418",41.9930671296296,2,463.46,231.73,289,0.00709078419641472
"17419",10.9604282407407,12,4226.57,352.214166666667,1876,0.0336184154208917
"17420",49.9152893518519,3,598.83,199.61,265,0.00925338862518635
"17422",15.9743171296296,6,1979.37,329.895,2253,0.0213563771279133
"17423",45.9680671296296,2,698.41,349.205,459,0.0116156197820458
"17425",18.888900462963,2,759.17,379.585,407,0.0474362986510303
"17426",7.77987268518519,6,5000.06,833.343333333333,3094,0.021813059054313
"17427",71.0562615740741,1,100.8,100.8,34,1
"17428",0.128483796296296,28,17089.45,610.3375,9474,0.0758796163863838
"17429",127.977789351852,3,524.92,174.973333333333,624,0.0329145364917066
"17430",32.1430671296296,2,265.76,132.88,190,0.0059907767000389
"17431",312.926400462963,1,403.3,403.3,292,1
"17432",17.8034837962963,2,365.76,182.88,207,0.0999895844182898
"17433",87.9347337962963,1,303.16,303.16,185,1
"17434",1.98195601851852,7,2373.82,339.117142857143,1693,0.0833595210135459
"17436",1.01390046296296,2,216.3,108.15,90,0.00884800781574024
"17438",253.100011574074,1,388.45,388.45,103,1
"17440",156.038900462963,3,186.42,62.14,246,0.0326114034226876
"17442",36.1479282407407,6,2248.56,374.76,1496,0.0235438381361128
"17443",219.085428240741,1,202.5,202.5,504,1
"17444",147.031261574074,3,2591.6,863.866666666667,2119,0.114829483533133
"17446",176.088900462963,2,120.9,60.45,198,0.0148329745264264
"17447",39.938900462963,2,541.53,270.765,443,0.0621654291141426
"17449",1.82917824074074,7,2520.86,360.122857142857,1122,0.0195394656498908
"17450",7.97292824074074,46,51559.46,1120.85782608696,69993,0.127717171249754
"17451",0.908344907407407,7,1721.4,245.914285714286,1203,0.0665838771897376
"17453",17.1305671296296,2,486.72,243.36,219,0.0419336051252184
"17454",191.952789351852,4,517.53,129.3825,243,0.0237914284770181
"17455",203.013206018519,1,131.7,131.7,66,1
"17456",364.893761574074,1,249.86,249.86,222,1
"17457",126.001400462963,5,1488.4,297.68,826,0.0233724497248868
"17458",14.9923726851852,1,316.5,316.5,170,1
"17459",42.9757060185185,2,657.3,328.65,537,0.112040459054659
"17460",93.9069560185185,6,622.43,103.738333333333,236,0.0214328239730105
"17461",22.1034837962963,3,757.46,252.486666666667,799,0.378283712784588
"17462",59.9541782407407,2,675.69,337.845,227,0.00889396723437765
"17463",15.9652893518519,5,1896.41,379.282,1095,0.0167835297627928
"17464",157.979872685185,1,289.96,289.96,220,1
"17466",9.98265046296296,2,763.28,381.64,306,0.0289159529714154
"17468",9.88681712962963,2,137,68.5,116,0.391251188697188
"17469",15.982650462963,5,1870.97,374.194,787,0.0264297775493723
"17470",44.0055671296296,5,1125.07,225.014,1675,0.0154266430981842
"17472",190.91181712963,3,710.29,236.763333333333,462,0.0275199551526657
"17475",78.9132060185185,1,194.37,194.37,178,1
"17480",77.0493171296296,1,511.82,511.82,338,1
"17481",3.01528935185185,4,1255.59,313.8975,1061,0.0439054508312308
"17483",64.9861226851852,3,414.04,138.013333333333,191,0.0252675908054045
"17486",260.951400462963,1,396.87,396.87,191,1
"17489",58.1625115740741,2,376.64,188.32,428,0.0129123662807902
"17490",0.154178240740741,7,2092.32,298.902857142857,1134,0.0395491087718197
"17491",0.85556712962963,10,3558.87,355.887,2013,0.0272355878347708
"17492",247.895150462963,1,374.57,374.57,155,1
"17495",7.02917824074074,2,497.56,248.78,229,0.0624972874441213
"17496",358.17431712963,1,271.05,271.05,79,1
"17498",75.0173726851852,1,272.22,272.22,394,1
"17499",289.150011574074,1,622.88,622.88,711,1
"17500",16.9340393518519,3,640.5,213.5,17,0.226926511530178
"17501",220.127094907407,2,288.6,144.3,160,1.99861207494795
"17502",8.98403935185185,4,689.1,172.275,376,0.191782646334155
"17503",2.1472337962963,2,558.96,279.48,486,0.0541699582439905
"17504",205.993761574074,9,2997.03,333.003333333333,1664,0.0768728868853431
"17505",161.000011574074,2,1145.84,572.92,556,0.0442879330760122
"17506",75.0493171296296,1,302.2,302.2,139,1
"17507",261.04306712963,2,605.58,302.79,359,0.0410373325733827
"17508",280.194456018519,1,387.31,387.31,289,1
"17509",57.1000115740741,8,6115.14,764.3925,3534,1.16222760290557
"17510",24.1180671296296,1,308.48,308.48,214,1
"17511",2.1097337962963,31,84689.31,2731.91322580645,64549,0.0833344223061457
"17512",28.0270949074074,10,2924.99,292.499,2753,0.0364973678807955
"17513",71.838900462963,1,513.2,513.2,254,1
"17514",127.878483796296,1,208.65,208.65,135,1
"17515",30.9486226851852,4,639.02,159.755,243,0.0138898601609391
"17516",14.832650462963,5,768.08,153.616,416,0.0184383723014674
"17517",308.04306712963,1,153.94,153.94,102,1
"17519",16.8382060185185,6,1844.02,307.336666666667,1236,0.0170425966289586
"17520",53.0319560185185,1,546.81,546.81,365,1
"17521",29.0611226851852,3,723.21,241.07,519,0.0175604045396898
"17522",1.01320601851852,5,1070.71,214.142,1034,0.0229533282325937
"17523",10.9791782407407,4,637.74,159.435,872,0.445131375579598
"17524",360.929178240741,1,145,145,90,1
"17525",359.031261574074,1,422.7,422.7,82,1
"17526",4.07292824074074,4,1134.1,283.525,310,0.0110513137824848
"17527",53.0125115740741,4,939.37,234.8425,488,0.0241035448112517
"17528",0.97431712962963,8,3628.5,453.5625,2138,0.112650714334608
"17530",0.75556712962963,10,2385,238.5,1526,0.0274013788221593
"17531",189.731261574074,1,296.7,296.7,136,1
"17534",53.0020949074074,1,223.36,223.36,103,1
"17535",279.895844907407,1,164.4,164.4,136,1
"17536",176.977094907407,1,76.5,76.5,6,1
"17537",29.0791782407407,2,897.62,448.81,700,0.00727568531650494
"17538",25.026400462963,1,98.42,98.42,134,1
"17540",24.0375115740741,2,578.9,289.45,194,0.00682851188232198
"17542",269.045150462963,1,170.75,170.75,134,1
"17545",42.9486226851852,3,645.96,215.32,341,2.96703296703297
"17548",233.034039351852,1,103.3,103.3,58,1
"17549",23.1187615740741,2,148.86,74.43,210,0.0689754275039517
"17550",196.945150462963,3,267.16,89.0533333333333,86,0.0638958733915101
"17551",358.94306712963,1,306.84,306.84,150,1
"17552",59.826400462963,4,930.41,232.6025,719,0.0127825305415932
"17553",129.11806712963,1,405,405,1048,1
"17554",0.940983796296296,5,1952.45,390.49,1763,0.0338387208963501
"17555",19.0194560185185,2,483.26,241.63,349,0.00632923910678613
"17556",205.084733796296,1,157.9,157.9,101,1
"17557",13.995150462963,3,541.46,180.486666666667,306,0.0441564282355827
"17560",94.1472337962963,4,854.95,213.7375,635,0.018440025098923
"17561",18.9979282407407,1,167.62,167.62,146,1
"17562",13.9368171296296,7,1122.38,160.34,817,0.0437357630979499
"17564",23.9743171296296,3,454.01,151.336666666667,146,0.0526527478152766
"17566",7.70556712962963,2,901.21,450.605,518,0.109539023277042
"17567",6.87640046296296,8,4301.98,537.7475,2632,0.0218566793784507
"17569",331.940983796296,1,344.14,344.14,159,1
"17571",49.870150462963,4,1498.51,374.6275,905,0.0160623755584185
"17572",70.7895949074074,4,226.75,56.6875,95,0.0131921891246891
"17573",28.9923726851852,3,380.6,126.866666666667,308,0.046082457731079
"17574",242.127094907407,1,185.65,185.65,77,1
"17576",7.78751157407407,19,3622.68,190.667368421053,1994,0.0530665523615198
"17578",217.758344907407,1,143.46,143.46,138,1
"17579",4.01528935185185,3,448.9,149.633333333333,258,0.0170524520794518
"17580",252.006261574074,3,215.72,71.9066666666667,88,0.0280676221786192
"17581",0.020150462962963,25,11045.04,441.8016,5927,0.0670423521436792
"17582",235.98056712963,1,175.27,175.27,123,1
"17584",6.81806712962963,2,1242.3,621.15,458,0.0165118679050568
"17585",108.972233796296,4,1133.07,283.2675,1671,0.0173965043898992
"17588",99.9673726851852,3,1178.7,392.9,676,0.0225345059622547
"17589",59.8277893518519,4,2404.17,601.0425,1631,0.022083264642623
"17590",1.99653935185185,3,1479.22,493.073333333333,828,0.0770190764842218
"17591",72.963900462963,7,2225.97,317.995714285714,1009,0.0237353508381546
"17593",3.0972337962963,5,3927.34,785.468,3101,0.0142856859410993
"17594",84.8444560185185,2,993.18,496.59,550,0.0117473344156109
"17595",11.8625115740741,2,388.79,194.395,229,0.0769456838280478
"17596",22.9437615740741,7,2827.93,403.99,4400,0.020227275919709
"17597",213.038900462963,1,2039.37,2039.37,1176,1
"17600",17.1298726851852,1,161.67,161.67,144,1
"17601",238.783344907407,1,116.01,116.01,103,1
"17602",1.95626157407407,6,5053.47,842.245,4151,0.018581644174418
"17603",77.938900462963,1,347.22,347.22,74,1
"17604",216.963206018519,2,309.36,154.68,169,0.0208463019528931
"17608",32.988900462963,2,193.42,96.71,232,1.99170124481328
"17609",40.0152893518519,5,1112.22,222.444,723,0.0173709543168028
"17611",6.97292824074074,15,3984.22,265.614666666667,2560,0.0422554222901265
"17612",52.9104282407407,6,2048.45,341.408333333333,1808,0.0244718304872557
"17613",22.082650462963,14,4559.15,325.653571428571,2496,0.0492992705370833
"17614",56.8673726851852,1,390.07,390.07,238,1
"17615",129.947233796296,3,329.6,109.866666666667,140,0.03227903431889
"17616",173.110428240741,3,447.3,149.1,224,0.0153842318745615
"17618",5.04167824074074,3,971.58,323.86,331,0.00838403539926057
"17619",311.938900462963,1,218.52,218.52,127,1
"17620",59.0291782407407,1,81.44,81.44,60,1
"17621",20.8187615740741,3,1379.9,459.966666666667,514,0.00897792925724261
"17623",32.0541782407407,1,527.05,527.05,265,1
"17624",14.0819560185185,2,843.48,421.74,554,0.00977022997357289
"17625",17.9680671296296,4,2047,511.75,1198,0.0166630505532653
"17628",80.895150462963,1,75.75,75.75,79,1
"17629",5.07917824074074,8,1814.12,226.765,1629,0.0225326547457448
"17630",169.036122685185,2,503.6,251.8,158,0.0312924430923018
"17631",1.12709490740741,3,528.33,176.11,334,0.0129393617180597
"17633",30.9757060185185,4,1324.84,331.21,644,0.0444918199935116
"17634",35.9868171296296,9,2361.97,262.441111111111,840,0.0297996799293637
"17636",18.9236226851852,1,285.56,285.56,182,1
"17637",30.9993171296296,2,547.06,273.53,280,0.0235359495284638
"17639",275.894456018518,1,108.5,108.5,49,1
"17640",86.1507060185185,1,587.28,587.28,250,1
"17642",119.152094907407,2,712.29,356.145,474,0.0345754898194391
"17643",372.925011574074,1,101.55,101.55,71,1
"17644",0.963206018518519,11,2895.64,263.24,1793,0.042280702222673
"17646",218.981261574074,3,1008.39,336.13,323,0.0204150107037035
"17647",64.8833449074074,1,133.06,133.06,30,1
"17648",60.1312615740741,4,1797.5,449.375,487,0.0210563256711704
"17649",137.872928240741,1,868.49,868.49,399,1
"17650",20.9152893518519,1,166.08,166.08,150,1
"17651",11.0979282407407,10,3945,394.5,3112,0.0599620240514341
"17652",24.9965393518519,12,4867.72,405.643333333333,2509,0.0467014405016081
"17653",36.0027893518519,4,1198.86,299.715,1409,0.0471196479115198
"17654",276.981261574074,1,117.55,117.55,41,1
"17655",10.0527893518519,7,2638.94,376.991428571429,1116,0.0196197123610027
"17656",72.9902893518519,5,1674.69,334.938,1399,0.0891320764059966
"17658",25.0298726851852,2,595.42,297.71,616,0.010702977508882
"17659",16.9729282407407,12,2999.46,249.955,1525,0.0337208235842816
"17660",140.967372685185,1,196,196,130,1
"17663",25.1625115740741,7,1802.91,257.558571428571,797,0.0266381258175764
"17664",18.0562615740741,2,604.64,302.32,604,0.0102625502437356
"17666",3.15556712962963,2,728.16,364.08,596,0.0317880794701987
"17667",65.9291782407407,5,2055.51,411.102,1033,0.0214395464344843
"17668",0.975706018518519,2,347.75,173.875,93,0.0527086383601757
"17669",42.1645949074074,7,3406.72,486.674285714286,1916,0.0336626124591741
"17670",227.151400462963,1,205.7,205.7,110,1
"17671",15.020150462963,4,1543.21,385.8025,772,0.0113988529904178
"17672",49.938900462963,2,3128.67,1564.335,1690,0.00769130108506098
"17673",1.00001157407407,6,1629.12,271.52,1487,0.0187559426380754
"17674",73.9687615740741,2,551.04,275.52,672,0.00677655031235662
"17675",0.782650462962963,31,20374.28,657.234838709677,8360,0.0844237755810281
"17676",3.89862268518519,6,1387.68,231.28,932,0.0165261750512139
"17677",1.12084490740741,30,16275.19,542.506333333333,9775,0.0815103567210195
"17678",263.040289351852,1,298.11,298.11,207,1
"17679",52.2132060185185,2,1992.11,996.055,729,0.0590309092399771
"17680",23.0055671296296,1,184.4,184.4,96,1
"17682",9.86876157407407,6,2474.33,412.388333333333,1367,0.0167084377610693
"17684",43.0694560185185,1,239.41,239.41,145,1
"17685",16.051400462963,7,3191.53,455.932857142857,1956,0.0196149400460017
"17686",6.88265046296296,7,5739.46,819.922857142857,2478,0.0236308523282719
"17690",29.8979282407407,15,4710.45,314.03,1773,0.0436097572793972
"17691",357.812511574074,2,290.4,145.2,134,0.177668106107341
"17692",126.950706018519,4,740.94,185.235,672,0.0171661540662327
"17693",136.876400462963,1,200.47,200.47,231,1
"17694",141.034733796296,1,283.12,283.12,184,1
"17695",131.090289351852,2,765.34,382.67,779,0.0488756894357234
"17696",37.9632060185185,8,2285.71,285.71375,1756,0.0244527840513508
"17697",235.881956018519,1,338.95,338.95,93,1
"17698",260.052789351852,1,154.95,154.95,93,1
"17700",16.0409837962963,4,2534.64,633.66,1266,0.0150487123684217
"17701",252.017372685185,1,417.95,417.95,109,1
"17702",29.8659837962963,4,1824.37,456.0925,1353,0.0226006434905438
"17703",34.8743171296296,3,798.74,266.246666666667,590,0.0288190205535654
"17704",168.131956018519,2,885.19,442.595,343,0.0277745631292674
"17705",2.96181712962963,9,1823.52,202.613333333333,963,0.0300885941940157
"17706",3.96945601851852,17,10504.49,617.911176470588,3899,0.0468183417738949
"17707",184.907650462963,2,152.4,76.2,144,0.0131523064487403
"17708",187.109733796296,2,267.08,133.54,91,0.014492534834921
"17709",169.038206018519,1,137.45,137.45,17,1
"17711",10.0486226851852,2,385.1,192.55,246,0.00714271542231305
"17712",44.0152893518519,1,522.91,522.91,215,1
"17714",320.095844907407,1,153,153,92,1
"17715",200.012511574074,1,202.5,202.5,384,1
"17716",22.0347337962963,11,5655.99,514.180909090909,3072,0.0447050987519827
"17718",231.965983796296,1,139.35,139.35,83,1
"17719",37.0930671296296,15,5396.04,359.736,2466,0.068504663708703
"17720",25.9069560185185,4,1195.94,298.985,576,0.0116897112276023
"17722",95.8944560185185,4,2320.54,580.135,1595,0.0147540605684924
"17723",126.759039351852,6,1378.9,229.816666666667,792,0.0680566823942719
"17724",70.8916782407407,3,1033,344.333333333333,300,0.0440636474908201
"17725",15.8444560185185,11,3439.08,312.643636363636,2162,0.0436740219528133
"17727",14.8222337962963,1,1060.25,1060.25,645,1
"17728",3.16528935185185,3,2876.01,958.67,1469,0.0357636618015945
"17730",2.87987268518519,13,5295.48,407.344615384615,3576,0.0401188134089419
"17731",78.9083449074074,4,1240.11,310.0275,493,0.0380841554045119
"17732",372.139594907407,1,303.97,303.97,93,1
"17733",38.1902893518519,2,692.19,346.095,463,0.008931284926596
"17734",53.0118171296296,3,700.63,233.543333333333,422,0.0165651158599481
"17735",1.83542824074074,19,13110.02,690.001052631579,8439,0.0518756576889167
"17736",8.8847337962963,3,377.44,125.813333333333,238,0.0285595287677753
"17737",8.89862268518518,2,168.24,84.12,108,0.0399811200266541
"17738",18.9062615740741,4,1879.05,469.7625,1029,0.0151547441452961
"17739",11.151400462963,7,2781.45,397.35,861,0.0200124680852754
"17742",112.890289351852,2,355.11,177.555,89,0.00908162106936088
"17744",3.02709490740741,6,2322.4,387.066666666667,3412,0.0168580760720683
"17746",239.929872685185,1,110.25,110.25,29,1
"17747",112.192372685185,1,71.4,71.4,12,1
"17749",177.878483796296,2,674.52,337.26,320,0.0252884463410779
"17750",4.94515046296296,9,1797.57,199.73,3957,0.0562732029265539
"17752",358.854872685185,1,80.64,80.64,192,1
"17754",0.0625115740740741,5,1772.26,354.452,1869,0.0191649409347168
"17757",0.888206018518519,30,5555.79,185.193,3320,0.080661122459268
"17758",18.920150462963,8,3456.7,432.0875,2091,0.0344865780752777
"17759",16.8666782407407,3,834.99,278.33,708,0.0195947692851991
"17760",21.0791782407407,2,287.59,143.795,239,0.00566853255863388
"17761",32.1020949074074,1,712.78,712.78,398,1
"17763",262.934039351852,1,15,15,12,1
"17764",50.0743171296296,2,818.82,409.41,395,0.0123620005837611
"17765",158.006261574074,3,371.88,123.96,144,0.0302938928353541
"17767",14.9222337962963,1,271.2,271.2,128,1
"17768",7.97778935185185,3,2273.18,757.726666666667,1186,0.0188699025055037
"17769",12.063900462963,10,3997.98,399.798,1862,0.0323622413548992
"17770",198.011122685185,5,1143.27,228.654,365,0.0588528596767997
"17771",56.0465393518519,2,245.81,122.905,287,0.00746558830391166
"17772",10.0729282407407,2,182.77,91.385,58,1.98895027624309
"17774",96.0007060185185,4,1225.41,306.3525,512,0.0190491308834034
"17775",254.083344907407,1,56.4,56.4,72,1
"17777",24.0333449074074,3,665.86,221.953333333333,507,0.039014874420873
"17779",20.9409837962963,3,658.57,219.523333333333,397,0.02437428062019
"17781",158.86806712963,2,188.02,94.01,34,0.0210887043627257
"17783",71.8632060185185,2,283.47,141.735,354,0.0113475177304965
"17785",52.9632060185185,1,131.94,131.94,67,1
"17786",84.9993171296296,2,278.74,139.37,200,0.00858635246976888
"17787",152.059733796296,4,1865.19,466.2975,910,0.0181897991858802
"17788",73.1118171296296,2,421.7,210.85,211,0.0351001206566648
"17789",280.983344907407,1,225.9,225.9,74,1
"17790",26.0555671296296,14,1965.55,140.396428571429,836,0.0412942976589656
"17791",29.0284837962963,1,106.1,106.1,46,1
"17793",24.9347337962963,1,323.04,323.04,232,1
"17795",179.009733796296,2,350.39,175.195,341,0.0232494308733067
"17796",39.8833449074074,4,697.9,174.475,178,0.0121162401792194
"17797",21.9784837962963,3,780.43,260.143333333333,498,0.0186245430088984
"17799",21.8986226851852,10,3055.93,305.593,1758,0.0294041974491859
"17800",36.995150462963,9,1199.01,133.223333333333,736,0.0302050728674077
"17802",81.9125115740741,3,1285.04,428.346666666667,752,0.010307507301151
"17805",73.0423726851852,1,512.31,512.31,478,1
"17806",10.9430671296296,1,546.04,546.04,727,1
"17809",15.9937615740741,12,4500.01,375.000833333333,2057,0.0335066838853792
"17811",3.96112268518519,39,7836.23,200.928974358974,4177,0.118140051496946
"17812",12.0437615740741,4,732.16,183.04,350,0.0112092787918888
"17813",13.8590393518519,5,1770.88,354.176,790,0.0861903849837196
"17816",36.0527893518518,4,36.56,9.14,30,0.0121251926137368
"17817",3.92431712962963,3,387.68,129.226666666667,67,0.0109536523584583
"17819",71.0819560185185,7,3261.17,465.881428571429,1031,0.0232673015931638
"17824",50.9416782407407,1,298.4,298.4,408,1
"17827",4.9097337962963,5,1995.46,399.092,1247,0.0138813376982429
"17828",22.1729282407407,4,1567.59,391.8975,667,0.0245388318493588
"17829",298.002789351852,1,889.24,889.24,496,1
"17830",1.01528935185185,3,398.7,132.9,92,0.0104133271303329
"17831",32.9034837962963,1,35.4,35.4,12,1
"17832",49.0465393518519,1,155.37,155.37,208,1
"17835",2.04306712962963,3,350.64,116.88,348,0.137588381425569
"17836",46.8590393518519,1,110.21,110.21,88,1
"17837",41.8590393518519,8,1593.38,199.1725,518,0.0655853434975434
"17838",26.0625115740741,5,2779.3,555.86,1879,0.0144171564161352
"17839",41.807650462963,1,338.8,338.8,285,1
"17841",1.02987268518519,124,40811.57,329.125564516129,23071,0.332535020839308
"17843",302.88681712963,1,205.48,205.48,113,1
"17844",106.057650462963,1,51.56,51.56,52,1
"17846",84.8958449074074,1,202.5,202.5,1,1
"17848",80.8340393518519,9,901.2,100.133333333333,398,0.0323829180107493
"17849",217.961122685185,4,605.8,151.45,114,0.0344606843078248
"17850",371.890983796296,34,5391.21,158.565,1733,14.8318691305665
"17852",11.0097337962963,2,114.34,57.17,53,1.99307958477509
"17854",184.853483796296,2,311.26,155.63,84,0.046535677352637
"17855",372.129178240741,1,208.97,208.97,197,1
"17856",1.13195601851852,4,1083.83,270.9575,842,0.0142390981904479
"17857",3.98403935185185,23,9585.22,416.748695652174,19256,0.0635239691739966
"17858",5.03751157407407,12,5155.66,429.638333333333,2706,0.0328812166050144
"17859",304.095844907407,1,148.21,148.21,127,1
"17860",368.006261574074,1,252.8,252.8,104,1
"17861",2.8534837962963,8,2100.8,262.6,1988,0.0252207361740231
"17862",323.018761574074,1,330.9,330.9,100,1
"17863",58.9618171296296,6,3160,526.666666666667,2638,0.0192915706553775
"17864",12.0659837962963,3,597.5,199.166666666667,810,0.0113645032896554
"17865",30.0291782407407,20,10443.22,522.161,5757,0.0597219198108806
"17866",142.071539351852,1,329.65,329.65,174,1
"17867",29.9409837962963,6,820.35,136.725,542,0.023159192644812
"17869",106.856956018519,5,428.18,85.636,111,0.0190870049308096
"17870",1.90487268518519,12,1770.45,147.5375,1401,0.0328507742174653
"17871",204.054178240741,1,155.9,155.9,182,1
"17873",79.8395949074074,5,1859.16,371.832,1047,0.0170025055081033
"17874",184.997233796296,6,683.46,113.91,221,0.0844335427884568
"17877",169.99306712963,1,237.61,237.61,98,1
"17878",43.0597337962963,1,379.45,379.45,401,1
"17879",173.009733796296,1,178.52,178.52,45,1
"17880",364.103483796296,1,458.92,458.92,314,1
"17881",303.815289351852,1,133.35,133.35,32,1
"17883",2.79237268518519,4,671.77,167.9425,379,0.0163975027969699
"17884",3.0534837962963,4,717.45,179.3625,854,0.010840883682588
"17885",11.9236226851852,1,190.19,190.19,167,1
"17886",31.1118171296296,3,899.61,299.87,481,0.0137049315546532
"17887",128.806261574074,1,111.35,111.35,30,1
"17888",20.9618171296296,8,726.05,90.75625,980,0.0237394105125199
"17889",211.850011574074,2,203.87,101.935,79,0.0180234304595975
"17890",322.063206018519,2,602.09,301.045,416,0.0502030784248784
"17891",161.695844907407,1,203.86,203.86,393,1
"17892",55.8340393518518,3,244.1,81.3666666666667,109,0.0299515367495649
"17893",224.958344907407,1,112.25,112.25,161,1
"17894",71.1437615740741,8,1119.81,139.97625,405,0.0270477773629826
"17895",43.826400462963,1,98,98,130,1
"17896",22.9520949074074,1,256.32,256.32,288,1
"17897",172.060428240741,3,566.6,188.866666666667,229,0.0148549578421798
"17898",84.9125115740741,2,152.06,76.03,190,0.016272749360108
"17899",158.911122685185,1,155.8,155.8,171,1
"17900",189.925011574074,2,112.2,56.1,73,1.98620689655172
"17901",28.8062615740741,1,110.38,110.38,24,1
"17904",20.995150462963,1,191.67,191.67,63,1
"17905",70.8034837962963,4,800.24,200.06,407,0.0131937000082461
"17906",246.809039351852,1,72.9,72.9,26,1
"17908",373.045150462963,1,243.28,243.28,173,1
"17911",8.91528935185185,1,366.23,366.23,223,1
"17912",309.934039351852,5,311.01,62.202,185,0.0906869536740812
"17913",58.0868171296296,2,411.6,205.8,289,0.00671219148390706
"17914",3.03612268518519,1,336.43,336.43,473,1
"17917",44.9791782407407,3,341.28,113.76,187,0.00943247916994183
"17919",87.9645949074074,1,1267.74,1267.74,756,1
"17920",3.93126157407407,17,4204.1,247.3,2516,0.0459321525067547
"17921",63.7458449074074,4,826.52,206.63,430,0.0196817434744428
"17923",281.89931712963,1,202.5,202.5,50,1
"17924",11.1520949074074,7,2716.2,388.028571428571,1160,0.0192874363782481
"17925",372.111122685185,1,202.5,202.5,72,1
"17926",132.92431712963,2,397.29,198.645,306,0.0280824923211935
"17928",44.9569560185185,2,212.54,106.27,140,0.00990954102997292
"17929",10.8673726851852,4,737.2,184.3,108,0.0134146597078119
"17930",35.1020949074074,5,1740.48,348.096,1594,0.0244169602919183
"17931",133.76181712963,2,408.36,204.18,249,0.0163597323366015
"17932",28.7090393518519,3,1331.57,443.856666666667,789,0.0163716361403868
"17934",51.0652893518519,2,704.25,352.125,478,0.249437034470812
"17935",137.98056712963,2,145.79,72.895,82,0.490212765957447
"17936",4.97084490740741,1,389.84,389.84,262,1
"17937",8.04515046296296,7,4234.62,604.945714285714,1754,0.0197251781723683
"17939",159.015983796296,1,99.14,99.14,40,1
"17940",48.9743171296296,10,2193.22,219.322,9755,0.0393444772922256
"17941",130.18056712963,1,304.56,304.56,252,1
"17942",7.08681712962963,1,77.5,77.5,38,1
"17946",232.826400462963,2,149.58,74.79,75,0.0737969558755701
"17947",36.9895949074074,1,176.68,176.68,168,1
"17948",146.994456018519,1,202.5,202.5,144,1
"17949",0.752789351851852,45,13183.5,292.966666666667,30546,0.12121801658891
"17950",71.8972337962963,3,482.2,160.733333333333,366,0.0102040334276577
"17951",39.013900462963,3,1008.54,336.18,616,0.00895540952341467
"17954",4.9409837962963,12,2332.72,194.393333333333,2234,0.0326977332977594
"17955",198.034733796296,4,557.3,139.325,273,0.181984771413225
"17956",248.960428240741,1,12.75,12.75,1,1
"17957",65.9111226851852,1,111.68,111.68,287,1
"17958",116.021539351852,1,338.66,338.66,84,1
"17960",170.940983796296,1,73.78,73.78,41,1
"17961",20.8298726851852,39,1296.44,33.2420512820513,560,0.11082672076442
"17962",141.940289351852,1,102.83,102.83,128,1
"17964",31.0875115740741,2,471.7,235.85,301,0.00584994881294789
"17965",37.1382060185185,14,2622.57,187.326428571429,1556,0.0420756485097164
"17966",37.1000115740741,5,1098.43,219.686,2571,0.022250997431864
"17967",371.063206018519,1,123.07,123.07,80,1
"17968",373.018761574074,1,277.35,277.35,160,1
"17969",165.99306712963,2,228.2,114.1,152,0.0102096523755167
"17970",210.69931712963,1,582.59,582.59,525,1
"17972",241.023622685185,1,136.04,136.04,37,1
"17973",51.0944560185185,1,337.04,337.04,176,1
"17974",24.0507060185185,3,740.79,246.93,519,0.0153068274828418
"17975",14.9743171296296,13,4488.81,345.293076923077,1568,0.0369238780328567
"17976",371.959039351852,1,353.19,353.19,106,1
"17977",28.9736226851852,1,288.14,288.14,342,1
"17978",364.947928240741,1,300.92,300.92,499,1
"17979",35.0312615740741,4,757.71,189.4275,397,0.0177760769802889
"17980",165.034039351852,3,811.45,270.483333333333,682,0.0153971721952732
"17984",144.868761574074,1,152.68,152.68,98,1
"17985",21.9347337962963,1,634.95,634.95,183,1
"17986",55.9361226851852,1,20.8,20.8,10,1
"17987",184.936122685185,1,198.57,198.57,261,1
"17988",11.076400462963,7,201.12,28.7314285714286,43,0.0221547712981421
"17990",236.045844907407,3,630.84,210.28,414,0.0238129361570772
"17991",224.869456018519,2,93.35,46.675,25,1.01444170482564
"17994",121.047928240741,4,678.49,169.6225,497,0.0235256638035607
"17995",281.013900462963,1,76.1,76.1,133,1
"17997",73.8590393518518,8,1970.67,246.33375,2298,0.0879624327110297
"17999",36.8708449074074,2,382.06,191.03,221,0.00606010870319986
"18001",11.8666782407407,2,417.23,208.615,363,0.0265974640056889
"18004",361.960428240741,1,169.47,169.47,78,1
"18005",3.0409837962963,2,249.72,124.86,93,0.0445606597453235
"18006",22.8319560185185,1,444.68,444.68,220,1
"18008",69.8979282407407,9,1143.69,127.076666666667,1581,0.0361273489048897
"18009",234.96806712963,1,257.34,257.34,126,1
"18010",256.015983796296,1,174.8,174.8,60,1
"18011",372.802094907407,1,102.79,102.79,71,1
"18013",154.943761574074,2,187.29,93.645,285,1.995841995842
"18014",27.8902893518519,1,166.42,166.42,68,1
"18015",3.91737268518519,1,120.03,120.03,157,1
"18016",31.9757060185185,5,1483.56,296.712,1029,0.0150221890250391
"18017",80.857650462963,3,523,174.333333333333,300,0.0130380457418105
"18018",107.800706018519,2,122.14,61.07,55,0.0216973669341168
"18019",51.0277893518519,1,38.45,38.45,7,1
"18022",35.0034837962963,1,668.11,668.11,736,1
"18024",152.006956018519,2,389.78,194.89,184,1.98347107438017
"18027",98.0916782407407,1,115.31,115.31,78,1
"18030",3.84237268518519,2,230.65,115.325,67,0.0511345477788431
"18032",333.887511574074,1,73.5,73.5,42,1
"18033",64.8069560185185,1,97.97,97.97,253,1
"18034",21.0194560185185,2,422.88,211.44,561,1.98074277854195
"18035",35.007650462963,3,730.4,243.466666666667,611,0.341474982214845
"18036",31.9236226851852,3,405.62,135.206666666667,234,0.014009871770757
"18037",153.965983796296,6,70.02,11.67,20,0.0287234997456773
"18040",18.9375115740741,2,357.2,178.6,148,0.00880106835190827
"18041",11.0493171296296,21,4183.39,199.209047619048,3819,0.0580090466489417
"18042",53.0423726851852,1,165.05,165.05,33,1
"18043",24.001400462963,3,559.51,186.503333333333,282,0.00874612548665507
"18044",3.93334490740741,10,2088.6,208.86,1033,0.0280046129820829
"18045",44.9882060185185,1,189.4,189.4,142,1
"18048",202.911122685185,2,172.29,86.145,127,1.99445983379501
"18050",358.934039351852,1,74.4,74.4,40,1
"18053",70.1562615740741,1,300.02,300.02,302,1
"18055",6.93403935185185,10,6784.19,678.419,2455,0.0275369884860967
"18056",287.932650462963,1,363.65,363.65,211,1
"18058",9.17501157407407,1,170.16,170.16,88,1
"18059",22.8340393518519,3,306.46,102.153333333333,258,0.0662180597495363
"18061",21.0625115740741,10,2092.95,209.295,955,0.0289077101279367
"18062",172.918761574074,3,720.52,240.173333333333,396,0.0181601116510568
"18064",132.840983796296,2,811,405.5,384,0.0194055696680165
"18065",5.0972337962963,14,2392.83,170.916428571429,1027,0.0388989437856236
"18066",74.888900462963,1,318,318,108,1
"18067",39.8694560185185,1,396.33,396.33,189,1
"18068",288.916678240741,1,101.7,101.7,6,1
"18069",25.8659837962963,5,2036.67,407.334,1311,0.0165557964832729
"18071",257.035428240741,2,453,226.5,260,0.0183385759586363
"18072",185.087511574074,1,247.44,247.44,288,1
"18073",113.950011574074,12,3515.24,292.936666666667,3108,0.143255073617191
"18074",373.122928240741,1,489.6,489.6,190,1
"18075",22.895150462963,10,2611.75,261.175,1464,0.0295692135205229
"18077",7.97084490740741,11,2633.01,239.364545454545,1878,0.0306293519687673
"18078",216.929178240741,2,336.13,168.065,145,0.0465386852821408
"18079",44.8909837962963,4,3651.97,912.9925,7432,0.020604321899604
"18080",18.2000115740741,2,405,202.5,642,0.00889240193656753
"18081",35.8472337962963,3,343.45,114.483333333333,195,0.0305529230377527
"18082",25.0034837962963,1,703.37,703.37,621,1
"18084",15.9534837962963,1,90.48,90.48,312,1
"18085",329.897928240741,2,689.95,344.975,265,0.0453193598640419
"18086",273.969456018519,1,101.34,101.34,106,1
"18087",97.901400462963,2,405,202.5,3907,0.0103526739015561
"18088",60.9645949074074,1,167.67,167.67,109,1
"18092",1.98334490740741,11,8353.54,759.412727272727,4252,0.0302085995339027
"18093",92.8798726851852,4,2106.52,526.63,1392,0.0190345265161529
"18094",81.1402893518518,7,2787.8,398.257142857143,2518,0.0331712068659133
"18095",312.000011574074,2,580.05,290.025,419,0.0951971705285426
"18096",11.0041782407407,3,911.15,303.716666666667,825,0.0565674553811101
"18097",7.06528935185185,6,2697.8,449.633333333333,1686,0.0172487108385389
"18099",126.873622685185,1,168.31,168.31,149,1
"18101",10.9673726851852,2,223.65,111.825,88,0.0150350818576679
"18102",0.0416782407407407,60,71599.56,1193.326,64124,0.163133369081695
"18104",36.9465393518519,1,754.64,754.64,362,1
"18105",37.0319560185185,1,113.48,113.48,46,1
"18106",329.018761574074,1,430.7,430.7,128,1
"18108",253.954178240741,1,271,271,84,1
"18109",1.05140046296296,26,8014.57,308.252692307692,4237,0.0704556659979902
"18110",19.0111226851852,1,236.3,236.3,86,1
"18112",11.9215393518519,2,352.69,176.345,255,0.0129005093013568
"18113",368.013206018519,1,76.32,76.32,72,1
"18114",289.979178240741,1,220.1,220.1,55,1
"18116",67.076400462963,8,1418.03,177.25375,848,0.0268502678034523
"18117",25.0020949074074,1,320.72,320.72,618,1
"18118",10.0541782407407,26,5653.82,217.454615384615,2882,0.072227934693909
"18119",367.035428240741,1,181.12,181.12,125,1
"18120",213.96181712963,1,111.15,111.15,31,1
"18121",148.997928240741,2,673.1,336.55,450,0.331835464915313
"18122",7.98751157407407,6,1826.21,304.368333333333,1234,0.0419395080845198
"18123",23.9354282407407,2,589.44,294.72,594,0.248876598686485
"18125",29.0145949074074,4,1142.99,285.7475,804,0.0138940147189718
"18126",60.0215393518518,1,206.83,206.83,144,1
"18127",18.9479282407407,3,348.73,116.243333333333,188,0.0260493611273585
"18129",242.940289351852,1,112.55,112.55,48,1
"18130",14.9236226851852,3,1059.39,353.13,824,0.0698554380518095
"18133",211.941678240741,1,202.5,202.5,1350,1
"18135",28.7208449074074,5,681.91,136.382,349,0.0308208622992363
"18136",62.8819560185185,3,784.33,261.443333333333,379,0.011666468624761
"18138",294.915983796296,1,152.65,152.65,38,1
"18139",17.0875115740741,6,6758.34,1126.39,5557,3.22628827483196
"18142",156.979872685185,2,967.62,483.81,1276,0.0338791643139469
"18143",116.029872685185,2,1000.16,500.08,570,0.0767529248727447
"18144",7.00278935185185,12,2741.25,228.4375,1343,0.032701198476215
"18145",12.0611226851852,4,2861.55,715.3875,2625,0.0132905083619448
"18146",140.029178240741,2,160.35,80.175,153,0.0247480085586863
"18147",45.0444560185185,2,179.34,89.67,203,0.031262211801485
"18149",50.0319560185185,3,612.08,204.026666666667,310,0.0133945181694159
"18150",31.8340393518519,3,566.58,188.86,332,0.0176210016234164
"18151",134.052094907407,2,653.35,326.675,355,0.01280990632756
"18154",2.83959490740741,2,399.19,199.595,255,0.0484840322553492
"18155",74.9708449074074,3,371.62,123.873333333333,266,0.0138171025024308
"18156",12.0180671296296,2,734.94,367.47,301,0.00558664636334539
"18158",8.85487268518519,2,453.4,226.7,354,0.0249057386972915
"18159",300.933344907407,1,530.15,530.15,139,1
"18160",56.8750115740741,2,638.06,319.03,294,0.0138802538929775
"18161",14.8402893518519,5,1618.69,323.738,812,0.0163828489774372
"18164",36.9958449074074,1,399.65,399.65,184,1
"18165",176.977094907407,1,302.46,302.46,254,1
"18167",22.8708449074074,3,1384.86,461.62,382,0.0360673256745926
"18168",175.728483796296,6,1169.94,194.99,594,0.0304490172791125
"18169",60.0222337962963,1,202.65,202.65,61,1
"18170",32.9270949074074,3,980.31,326.77,409,0.0162185296701481
"18171",58.1507060185185,5,1231.31,246.262,481,0.0181178566575574
"18172",14.0680671296296,20,6894.18,344.709,3184,0.0724586633389355
"18173",86.0583449074074,4,2055.34,513.835,1220,0.0211663543159519
"18174",6.82917824074074,1,104,104,50,1
"18176",357.878483796296,1,476.35,476.35,283,1
"18177",30.9208449074074,6,1341.42,223.57,710,0.0266372341671856
"18178",128.138900462963,4,1590.81,397.7025,983,0.0168871376301717
"18179",8.85209490740741,6,1785.67,297.611666666667,1360,0.0182879978664002
"18180",4.17431712962963,6,1843.75,307.291666666667,1721,0.0431697811531928
"18181",23.9041782407407,1,382.8,382.8,146,1
"18183",226.891678240741,2,632.07,316.035,371,0.0414758489587834
"18184",14.8902893518519,1,49.8,49.8,60,1
"18185",248.963900462963,1,304.25,304.25,183,1
"18188",14.8361226851852,3,1951.54,650.513333333333,1168,0.0108662023377427
"18189",77.0069560185185,2,1090.24,545.12,566,0.0104646979953563
"18190",191.91806712963,2,284.46,142.23,140,0.0143703252783003
"18191",261.029178240741,1,207.8,207.8,140,1
"18192",71.1229282407407,1,957.97,957.97,339,1
"18193",164.952789351852,1,243.76,243.76,124,1
"18194",81.9729282407407,1,964.54,964.54,632,1
"18196",94.8527893518519,2,689.13,344.565,433,0.0102037562577724
"18198",3.91737268518519,17,5214.9,306.758823529412,4074,0.0510435997414458
"18200",105.753483796296,1,163.8,163.8,111,1
"18202",199.026400462963,3,1396.99,465.663333333333,581,0.0265623847118719
"18203",156.988206018519,1,160.42,160.42,43,1
"18204",70.8375115740741,3,1993.7,664.566666666667,1200,0.024579251015601
"18205",35.9777893518519,2,517.36,258.68,192,0.0512091038406828
"18209",28.0298726851852,1,139.1,139.1,58,1
"18210",1.07501157407407,6,2621.38,436.896666666667,1398,0.022492736720434
"18211",25.1944560185185,5,600.07,120.014,359,0.0196979106535603
"18212",325.858344907407,1,248.42,248.42,101,1
"18213",236.103483796296,1,232.48,232.48,232,1
"18215",88.8645949074074,1,299.34,299.34,118,1
"18216",30.8298726851852,1,481.75,481.75,200,1
"18217",28.9805671296296,2,621.75,310.875,491,0.0474981033743444
"18218",210.997928240741,2,662.08,331.04,584,0.028161026312959
"18219",2.04653935185185,10,2069.77,206.977,885,0.0272429045476732
"18220",226.157650462963,1,305.28,305.28,288,1
"18221",21.9236226851852,5,1041.61,208.322,791,0.0263131927770286
"18222",92.0868171296296,1,443,443,335,1
"18223",4.15209490740741,14,6484.54,463.181428571429,2948,0.0394714429201036
"18224",263.097233796296,1,158.95,158.95,69,1
"18225",2.97431712962963,12,5509.12,459.093333333333,3244,0.033066644214007
"18226",43.9680671296296,11,5228.05,475.277272727273,3466,0.0373905900348412
"18227",217.018761574074,1,93.75,93.75,21,1
"18228",56.145150462963,2,779.9,389.95,238,0.0835436428509268
"18229",11.126400462963,20,7186.7,359.335,2488,0.0551382956523071
"18230",8.97778935185185,7,2810.2,401.457142857143,1316,0.0238086240126979
"18231",191.938900462963,5,2083.27,416.654,821,0.0514322451603686
"18232",81.0423726851852,4,592.97,148.2425,302,0.0342451500900719
"18233",325.170844907407,1,202.5,202.5,4,1
"18235",71.182650462963,3,1796.48,598.826666666667,1578,0.0204379009518763
"18236",29.1972337962963,6,882.24,147.04,403,0.0283117172498312
"18237",2.00070601851852,5,987.1,197.42,622,0.0375971259085972
"18239",218.008344907407,5,1561.61,312.322,795,0.0323029296962627
"18240",45.988900462963,1,328.08,328.08,126,1
"18241",9.02778935185185,17,2073.09,121.946470588235,1051,0.0812943333067666
"18242",71.9632060185185,4,2227.49,556.8725,1017,0.0281493282768799
"18245",6.91806712962963,7,2567.06,366.722857142857,1788,0.0200577057009253
"18246",23.0423726851852,2,593.7,296.85,166,0.00948260534581876
"18248",122.104872685185,2,804.02,402.01,511,0.0308281863820768
"18249",16.9048726851852,1,95.34,95.34,128,1
"18250",309.981956018519,1,349.27,349.27,199,1
"18251",86.907650462963,1,2951.1,2951.1,7824,1
"18252",50.0048726851852,2,526.67,263.335,239,0.0163882186916739
"18255",88.9819560185185,1,103.3,103.3,74,1
"18257",38.9180671296296,8,2337.63,292.20375,1041,0.0310098386250151
"18259",24.0111226851852,3,2338.6,779.533333333333,714,0.00874748914663384
"18260",172.009039351852,6,2643.2,440.533333333333,1478,0.0321268415298921
"18261",42.8847337962963,2,324.24,162.12,146,0.0375577058501343
"18262",139.865289351852,1,149.48,149.48,182,1
"18263",25.1597337962963,3,1213.16,404.386666666667,1468,0.0131646310246471
"18265",71.9444560185185,2,801.51,400.755,311,0.023002459985304
"18268",133.734039351852,1,25.5,25.5,2,1
"18269",365.956261574074,1,168.6,168.6,76,1
"18270",37.9534837962963,2,283.15,141.575,101,0.00873161207387914
"18272",2.00487268518519,6,3078.58,513.096666666667,2050,0.0244767527508017
"18273",1.98195601851852,3,204,68,80,0.0117151271579427
"18274",29.8243171296296,1,175.92,175.92,88,1
"18276",43.0805671296296,1,335.86,335.86,186,1
"18277",57.8944560185185,1,110.38,110.38,68,1
"18278",73.0361226851852,1,173.9,173.9,66,1
"18280",277.123622685185,1,180.6,180.6,45,1
"18281",180.081261574074,1,80.82,80.82,54,1
"18282",7.04653935185185,2,178.05,89.025,103,0.0166774761419439
"18283",3.03334490740741,16,2094.88,130.93,1397,0.0477742665903605
"18287",42.1395949074074,3,1837.28,612.426666666667,1586,0.0187556983458516
